,datum,blob,snowball_label,snowball_center,hdbscan_eom_label,hdbscan_leaf_label
0,[0.33199687 0.77048838],2,21,"[0.32588261800019946, 0.7323684657930849]",1,1
1,[0.69305298 0.46539877],17,5,"[0.7245100505100849, 0.4089833746246954]",1,1
2,[0.67412464 0.23256343],15,18,"[0.722697462503846, 0.24657510395415844]",1,1
3,[0.39357951 0.85949608],18,39,"[0.41553651748235904, 0.8199664939300585]",1,1
4,[0.55249536 0.46965417],33,20,"[0.539254394115152, 0.4324693238375917]",1,1
5,[0.66617208 0.16627993],34,24,"[0.7022730262736179, 0.1710851192531718]",1,1
6,[0.33922672 0.22223663],21,30,"[0.38058881077685586, 0.21509500619616465]",1,1
7,[0.59850767 0.59730865],13,28,"[0.612818073063186, 0.5682173367924668]",1,1
8,[0.35959627 0.54509144],36,22,"[0.3858548553404886, 0.5686983489050204]",1,1
9,[0.60566032 0.44731229],36,11,"[0.616328850657383, 0.4469370690226394]",1,1
10,[0.28181661 0.56119108],43,14,"[0.3004077983649947, 0.5468406263489509]",1,1
11,[0.50216847 0.68142653],49,9,"[0.4733749307799963, 0.6794102851036441]",1,1
12,[0.32381374 0.37613201],23,8,"[0.2887674321547231, 0.36646909369869735]",1,1
13,[0.33318882 0.80243405],2,32,"[0.32956545160034506, 0.8358907529264196]",1,1
14,[0.29081685 0.47071832],39,2,"[0.2632199434321743, 0.47243685029053056]",1,1
15,[0.62281813 0.20283548],48,3,"[0.6202885063624497, 0.21030864992260714]",1,1
16,[0.4054515  0.41579938],19,26,"[0.43056933118487034, 0.40528908511862793]",1,1
17,[0.57922485 0.22230565],48,3,"[0.6202885063624497, 0.21030864992260714]",1,1
18,[0.47434212 0.62442524],20,6,"[0.47156007370629266, 0.5932404479018316]",1,1
19,[0.24016512 0.28734507],35,12,"[0.20938121626770115, 0.2530581322514841]",1,1
20,[0.64255331 0.81781974],49,36,"[0.6231053585078415, 0.8026115750261605]",1,1
21,[0.26918368 0.23856045],40,17,"[0.3081667678458384, 0.27622186438467633]",1,1
22,[0.77890543 0.85306692],24,46,"[0.7414203272542098, 0.8659216426417596]",0,1
23,[0.68835914 0.71906955],24,44,"[0.6887783688516544, 0.7503915122466659]",1,1
24,[0.66583188 0.65793699],30,37,"[0.7159154001264324, 0.6649568038570144]",1,1
25,[0.34354439 0.44616211],11,19,"[0.3440341438087981, 0.4585393120619346]",1,1
26,[0.76970443 0.27891507],41,23,"[0.7810045087632608, 0.31491984335768125]",1,1
27,[0.2357714  0.54979139],31,10,"[0.19535131144460993, 0.5645751208198211]",1,1
28,[0.5250821  0.58192418],36,15,"[0.5335483326305349, 0.5735795711388955]",1,1
29,[0.62595498 0.66718139],0,35,"[0.607978506335538, 0.7019524807141947]",1,1
30,[0.79434165 0.18329715],15,34,"[0.8218914120283389, 0.15821107993071307]",1,1
31,[0.61603787 0.60318612],30,28,"[0.612818073063186, 0.5682173367924668]",1,1
32,[0.55563624 0.25905203],48,47,"[0.5084758469304866, 0.27217100949547596]",1,1
33,[0.6060814  0.18149716],16,3,"[0.6202885063624497, 0.21030864992260714]",1,1
34,[0.68226211 0.34069134],7,4,"[0.673351869797573, 0.3367675396968434]",1,1
35,[0.83209058 0.41394157],27,1,"[0.8468477917130786, 0.39686044525788833]",1,1
36,[0.28400272 0.3433716 ],32,8,"[0.2887674321547231, 0.36646909369869735]",1,1
37,[0.72599395 0.18465349],1,24,"[0.7022730262736179, 0.1710851192531718]",1,1
38,[0.57140019 0.34356197],37,0,"[0.5785817481830586, 0.3037067824245507]",1,1
39,[0.39087682 0.19525984],35,30,"[0.38058881077685586, 0.21509500619616465]",1,1
40,[0.30973922 0.33336807],14,8,"[0.2887674321547231, 0.36646909369869735]",1,1
41,[0.65380813 0.41383174],46,11,"[0.616328850657383, 0.4469370690226394]",1,1
42,[0.61340101 0.71706024],17,35,"[0.607978506335538, 0.7019524807141947]",1,1
43,[0.6188896  0.42357759],42,11,"[0.616328850657383, 0.4469370690226394]",1,1
44,[0.53555673 0.62133713],0,29,"[0.5715529602001289, 0.6463778298209435]",1,1
45,[0.81243926 0.32154785],1,23,"[0.7810045087632608, 0.31491984335768125]",1,1
46,[0.53498111 0.44908338],23,20,"[0.539254394115152, 0.4324693238375917]",1,1
47,[0.51809738 0.214558  ],19,13,"[0.5512931196656272, 0.16942604907868813]",-1,1
48,[0.29667899 0.44481158],43,2,"[0.2632199434321743, 0.47243685029053056]",1,1
49,[0.85240351 0.83019795],45,33,"[0.8436814763895661, 0.8109608667727767]",0,1
50,[0.58176921 0.30567932],37,0,"[0.5785817481830586, 0.3037067824245507]",1,1
51,[0.76725298 0.19843502],1,18,"[0.722697462503846, 0.24657510395415844]",1,1
52,[0.30179686 0.45422157],43,19,"[0.3440341438087981, 0.4585393120619346]",1,1
53,[0.42415587 0.20786026],35,30,"[0.38058881077685586, 0.21509500619616465]",1,1
54,[0.31844055 0.27212786],25,17,"[0.3081667678458384, 0.27622186438467633]",1,1
55,[0.58657826 0.30251721],4,0,"[0.5785817481830586, 0.3037067824245507]",1,1
56,[0.75762351 0.5791825 ],42,16,"[0.7229309954494666, 0.5651025967173542]",-1,1
57,[0.75379199 0.62754403],13,37,"[0.7159154001264324, 0.6649568038570144]",-1,1
58,[0.42105761 0.53864135],38,22,"[0.3858548553404886, 0.5686983489050204]",1,1
59,[0.55189916 0.18128369],34,13,"[0.5512931196656272, 0.16942604907868813]",1,1
60,[0.42632198 0.96216064],18,48,"[0.4364996608495685, 0.9299605742747341]",-1,1
61,[0.48399106 0.87252012],49,27,"[0.5183415880490136, 0.8723630823093117]",1,1
62,[0.2840282  0.55050084],39,14,"[0.3004077983649947, 0.5468406263489509]",1,1
63,[0.90083793 0.40561486],27,1,"[0.8468477917130786, 0.39686044525788833]",1,1
64,[0.32989773 0.54894424],31,14,"[0.3004077983649947, 0.5468406263489509]",1,1
65,[0.57096479 0.17107189],6,13,"[0.5512931196656272, 0.16942604907868813]",1,1
66,[0.26014711 0.44853714],14,2,"[0.2632199434321743, 0.47243685029053056]",1,1
67,[0.36696303 0.72367224],20,21,"[0.32588261800019946, 0.7323684657930849]",-1,1
68,[0.59758303 0.41418094],12,11,"[0.616328850657383, 0.4469370690226394]",1,1
69,[0.15674112 0.22929914],26,12,"[0.20938121626770115, 0.2530581322514841]",-1,1
70,[0.41680634 0.67892293],29,42,"[0.40673806569193616, 0.6587999433732626]",1,1
71,[0.76117516 0.35971823],7,23,"[0.7810045087632608, 0.31491984335768125]",1,1
72,[0.54165921 0.33512872],4,41,"[0.5145046145516908, 0.37504969997004856]",1,1
73,[0.29715406 0.28787037],35,17,"[0.3081667678458384, 0.27622186438467633]",1,1
74,[0.76782436 0.33184788],10,23,"[0.7810045087632608, 0.31491984335768125]",1,1
75,[0.45557492 0.30181809],33,38,"[0.4156422830378812, 0.29545330122567204]",-1,1
76,[0.21371764 0.51037597],43,10,"[0.19535131144460993, 0.5645751208198211]",1,1
77,[0.22591715 0.45521529],43,2,"[0.2632199434321743, 0.47243685029053056]",1,1
78,[0.71534035 0.41043942],27,5,"[0.7245100505100849, 0.4089833746246954]",1,1
79,[0.63976166 0.21834624],48,3,"[0.6202885063624497, 0.21030864992260714]",1,1
80,[0.75207404 0.31491531],46,23,"[0.7810045087632608, 0.31491984335768125]",1,1
81,[0.41588006 0.65462842],0,42,"[0.40673806569193616, 0.6587999433732626]",1,1
82,[0.62652833 0.07997754],1,40,"[0.645651635206781, 0.10720828165918456]",1,1
83,[0.18864529 0.54675451],28,10,"[0.19535131144460993, 0.5645751208198211]",1,1
84,[0.51140456 0.84637704],18,27,"[0.5183415880490136, 0.8723630823093117]",1,1
85,[0.61793845 0.86385329],49,36,"[0.6231053585078415, 0.8026115750261605]",-1,1
86,[0.71079779 0.18420499],1,24,"[0.7022730262736179, 0.1710851192531718]",1,1
87,[0.32628541 0.56132803],14,14,"[0.3004077983649947, 0.5468406263489509]",1,1
88,[0.67691359 0.66567044],9,37,"[0.7159154001264324, 0.6649568038570144]",1,1
89,[0.8292123  0.83072695],45,33,"[0.8436814763895661, 0.8109608667727767]",0,1
90,[0.58780671 0.17914548],4,13,"[0.5512931196656272, 0.16942604907868813]",1,1
91,[0.55519186 0.2925024 ],19,0,"[0.5785817481830586, 0.3037067824245507]",1,1
92,[0.78173636 0.17327652],1,34,"[0.8218914120283389, 0.15821107993071307]",1,1
93,[0.60981662 0.73460519],24,35,"[0.607978506335538, 0.7019524807141947]",1,1
94,[0.45613442 0.9193666 ],18,48,"[0.4364996608495685, 0.9299605742747341]",1,1
95,[0.25230776 0.33207872],25,8,"[0.2887674321547231, 0.36646909369869735]",1,1
96,[0.87796547 0.26662804],41,31,"[0.851246446101303, 0.24528280468404687]",1,1
97,[0.65489025 0.10070464],10,40,"[0.645651635206781, 0.10720828165918456]",1,1
98,[0.67017287 0.11929908],16,40,"[0.645651635206781, 0.10720828165918456]",1,1
99,[0.40337628 0.58982146],44,22,"[0.3858548553404886, 0.5686983489050204]",1,1
100,[0.73637073 0.43464202],5,5,"[0.7245100505100849, 0.4089833746246954]",1,1
101,[0.44884915 0.47924068],11,7,"[0.45523393198547096, 0.4973829879031681]",1,1
102,[0.41027005 0.80507045],29,39,"[0.41553651748235904, 0.8199664939300585]",1,1
103,[0.34438669 0.22309215],21,30,"[0.38058881077685586, 0.21509500619616465]",1,1
104,[0.54159206 0.5633779 ],44,15,"[0.5335483326305349, 0.5735795711388955]",1,1
105,[0.64858669 0.68681224],30,35,"[0.607978506335538, 0.7019524807141947]",1,1
106,[0.74753418 0.14350453],41,24,"[0.7022730262736179, 0.1710851192531718]",1,1
107,[0.58745496 0.43581458],12,11,"[0.616328850657383, 0.4469370690226394]",1,1
108,[0.55472112 0.29665664],12,0,"[0.5785817481830586, 0.3037067824245507]",1,1
109,[0.45071094 0.53595204],44,7,"[0.45523393198547096, 0.4973829879031681]",1,1
110,[0.58623893 0.48945105],42,11,"[0.616328850657383, 0.4469370690226394]",1,1
111,[0.62267431 0.64505253],17,29,"[0.5715529602001289, 0.6463778298209435]",1,1
112,[0.24144353 0.27162858],32,12,"[0.20938121626770115, 0.2530581322514841]",1,1
113,[0.30444747 0.33569063],14,8,"[0.2887674321547231, 0.36646909369869735]",1,1
114,[0.59810589 0.42439767],3,11,"[0.616328850657383, 0.4469370690226394]",1,1
115,[0.247432   0.94068151],2,-1,-1,-1,-1
116,[0.55097317 0.82847778],36,27,"[0.5183415880490136, 0.8723630823093117]",1,1
117,[0.38820915 0.29392796],35,38,"[0.4156422830378812, 0.29545330122567204]",1,1
118,[0.44329535 0.51848586],33,7,"[0.45523393198547096, 0.4973829879031681]",1,1
119,[0.31056728 0.24016847],35,17,"[0.3081667678458384, 0.27622186438467633]",1,1
120,[0.38472076 0.20936317],40,30,"[0.38058881077685586, 0.21509500619616465]",1,1
121,[0.59715712 0.4657163 ],30,11,"[0.616328850657383, 0.4469370690226394]",1,1
122,[0.43634256 0.60062124],38,6,"[0.47156007370629266, 0.5932404479018316]",1,1
123,[0.70142614 0.58701255],9,16,"[0.7229309954494666, 0.5651025967173542]",1,1
124,[0.91181758 0.38248557],8,1,"[0.8468477917130786, 0.39686044525788833]",1,1
125,[0.36543673 0.63031353],20,42,"[0.40673806569193616, 0.6587999433732626]",1,1
126,[0.33491631 0.28192807],26,17,"[0.3081667678458384, 0.27622186438467633]",1,1
127,[0.559437   0.34940888],7,0,"[0.5785817481830586, 0.3037067824245507]",1,1
128,[0.6179004  0.33403364],46,0,"[0.5785817481830586, 0.3037067824245507]",1,1
129,[0.84540581 0.76390049],24,33,"[0.8436814763895661, 0.8109608667727767]",-1,1
130,[0.34310374 0.49208602],23,19,"[0.3440341438087981, 0.4585393120619346]",1,1
131,[0.91027109 0.16247992],41,-1,-1,-1,1
132,[0.28261285 0.23923363],26,17,"[0.3081667678458384, 0.27622186438467633]",1,1
133,[0.59410752 0.61158395],9,29,"[0.5715529602001289, 0.6463778298209435]",1,1
134,[0.55541535 0.54033486],36,15,"[0.5335483326305349, 0.5735795711388955]",1,1
135,[0.5951902  0.21581094],6,3,"[0.6202885063624497, 0.21030864992260714]",1,1
136,[0.25627557 0.4955408 ],11,2,"[0.2632199434321743, 0.47243685029053056]",1,1
137,[0.54340585 0.40462346],19,20,"[0.539254394115152, 0.4324693238375917]",1,1
138,[0.45737799 0.57985898],11,6,"[0.47156007370629266, 0.5932404479018316]",1,1
139,[0.19647112 0.20067588],40,12,"[0.20938121626770115, 0.2530581322514841]",-1,1
140,[0.63344478 0.16960462],16,3,"[0.6202885063624497, 0.21030864992260714]",1,1
141,[0.36278926 0.38732941],23,-1,-1,1,1
142,[0.2020351 0.4072444],26,-1,-1,1,1
143,[0.8248273  0.46534435],8,-1,-1,-1,1
144,[0.33785851 0.85009514],2,32,"[0.32956545160034506, 0.8358907529264196]",1,1
145,[0.5496301  0.61846515],36,29,"[0.5715529602001289, 0.6463778298209435]",1,1
146,[0.79131303 0.68522509],17,-1,-1,-1,1
147,[0.50558091 0.16808235],48,13,"[0.5512931196656272, 0.16942604907868813]",-1,1
148,[0.57710186 0.65651541],30,29,"[0.5715529602001289, 0.6463778298209435]",1,1
149,[0.59808021 0.32793567],7,0,"[0.5785817481830586, 0.3037067824245507]",1,1
150,[0.63323372 0.15388964],48,40,"[0.645651635206781, 0.10720828165918456]",1,1
151,[0.65547271 0.34530165],3,4,"[0.673351869797573, 0.3367675396968434]",1,1
152,[0.08350385 0.60662182],39,-1,-1,-1,-1
153,[0.62022483 0.7255306 ],49,35,"[0.607978506335538, 0.7019524807141947]",1,1
154,[0.73974208 0.58083525],8,16,"[0.7229309954494666, 0.5651025967173542]",1,1
155,[0.81732322 0.34378403],27,23,"[0.7810045087632608, 0.31491984335768125]",1,1
156,[0.68739564 0.64099692],30,37,"[0.7159154001264324, 0.6649568038570144]",1,1
157,[0.61484273 0.19344033],48,3,"[0.6202885063624497, 0.21030864992260714]",1,1
158,[0.30933142 0.34053319],26,8,"[0.2887674321547231, 0.36646909369869735]",1,1
159,[0.52618364 0.53912231],44,15,"[0.5335483326305349, 0.5735795711388955]",1,1
160,[0.72977486 0.84319082],24,46,"[0.7414203272542098, 0.8659216426417596]",-1,1
161,[0.33065728 0.80653132],2,32,"[0.32956545160034506, 0.8358907529264196]",1,1
162,[0.12512569 0.28737927],26,-1,-1,-1,-1
163,[0.7246413 0.4082316],12,5,"[0.7245100505100849, 0.4089833746246954]",1,1
164,[0.83076324 0.23022525],15,31,"[0.851246446101303, 0.24528280468404687]",1,1
165,[0.90250309 0.16861697],10,-1,-1,-1,1
166,[0.54136409 0.29194349],37,47,"[0.5084758469304866, 0.27217100949547596]",1,1
167,[0.52251764 0.58035632],33,15,"[0.5335483326305349, 0.5735795711388955]",1,1
168,[0.81301017 0.14962634],15,34,"[0.8218914120283389, 0.15821107993071307]",1,1
169,[0.44876548 0.70273197],20,9,"[0.4733749307799963, 0.6794102851036441]",1,1
170,[0.48438918 0.87726017],18,27,"[0.5183415880490136, 0.8723630823093117]",1,1
171,[0.17656701 0.58876124],39,10,"[0.19535131144460993, 0.5645751208198211]",1,1
172,[0.6789184  0.81325453],17,36,"[0.6231053585078415, 0.8026115750261605]",1,1
173,[0.19694973 0.568872  ],31,10,"[0.19535131144460993, 0.5645751208198211]",1,1
174,[0.36947423 0.58885317],39,22,"[0.3858548553404886, 0.5686983489050204]",1,1
175,[0.34853567 0.53060255],23,14,"[0.3004077983649947, 0.5468406263489509]",1,1
176,[0.64913556 0.79087179],49,36,"[0.6231053585078415, 0.8026115750261605]",1,1
177,[0.85464096 0.38508186],27,1,"[0.8468477917130786, 0.39686044525788833]",1,1
178,[0.54563696 0.41226123],33,20,"[0.539254394115152, 0.4324693238375917]",1,1
179,[0.42669825 0.11009721],21,49,"[0.43028374541613945, 0.127585470354601]",-1,1
180,[0.80603215 0.13254192],41,34,"[0.8218914120283389, 0.15821107993071307]",-1,1
181,[0.76523151 0.33782509],7,23,"[0.7810045087632608, 0.31491984335768125]",1,1
182,[0.56118247 0.18486554],4,13,"[0.5512931196656272, 0.16942604907868813]",1,1
183,[0.73884253 0.30516252],10,23,"[0.7810045087632608, 0.31491984335768125]",1,1
184,[0.52071894 0.74882561],0,45,"[0.5216704391495552, 0.7643920871914024]",1,1
185,[0.62142463 0.68147009],13,35,"[0.607978506335538, 0.7019524807141947]",1,1
186,[0.46445853 0.67109814],47,9,"[0.4733749307799963, 0.6794102851036441]",1,1
187,[0.52018194 0.3308902 ],7,41,"[0.5145046145516908, 0.37504969997004856]",1,1
188,[0.81565418 0.39686132],27,1,"[0.8468477917130786, 0.39686044525788833]",1,1
189,[0.25910556 0.43500629],25,2,"[0.2632199434321743, 0.47243685029053056]",1,1
190,[0.55555406 0.60660628],30,15,"[0.5335483326305349, 0.5735795711388955]",1,1
191,[0.35282044 0.78544139],29,32,"[0.32956545160034506, 0.8358907529264196]",1,1
192,[0.74650048 0.44526402],5,5,"[0.7245100505100849, 0.4089833746246954]",1,1
193,[0.436606   0.45239685],36,26,"[0.43056933118487034, 0.40528908511862793]",1,1
194,[0.5545536  0.90944681],49,27,"[0.5183415880490136, 0.8723630823093117]",-1,1
195,[0.70744503 0.24492441],1,18,"[0.722697462503846, 0.24657510395415844]",1,1
196,[0.4905606  0.68063358],20,9,"[0.4733749307799963, 0.6794102851036441]",1,1
197,[0.35952218 0.24751065],21,30,"[0.38058881077685586, 0.21509500619616465]",1,1
198,[0.68289641 0.59789253],42,16,"[0.7229309954494666, 0.5651025967173542]",1,1
199,[0.63702047 0.588583  ],17,28,"[0.612818073063186, 0.5682173367924668]",1,1
200,[0.51184292 0.42126388],38,20,"[0.539254394115152, 0.4324693238375917]",1,1
201,[0.72500765 0.37913527],46,5,"[0.7245100505100849, 0.4089833746246954]",1,1
202,[0.68198561 0.57906371],42,16,"[0.7229309954494666, 0.5651025967173542]",1,1
203,[0.41417521 0.69856177],29,42,"[0.40673806569193616, 0.6587999433732626]",1,1
204,[0.75242226 0.37628318],8,5,"[0.7245100505100849, 0.4089833746246954]",1,1
205,[0.50219759 0.44209741],38,20,"[0.539254394115152, 0.4324693238375917]",1,1
206,[0.49114706 0.5725398 ],38,6,"[0.47156007370629266, 0.5932404479018316]",1,1
207,[0.50796031 0.77448535],20,45,"[0.5216704391495552, 0.7643920871914024]",-1,1
208,[0.39548181 0.84425527],18,39,"[0.41553651748235904, 0.8199664939300585]",1,1
209,[0.58823489 0.57053275],38,28,"[0.612818073063186, 0.5682173367924668]",1,1
210,[0.31218697 0.13226864],40,25,"[0.28646044229846734, 0.1648329518386483]",-1,1
211,[0.32878658 0.67013956],47,21,"[0.32588261800019946, 0.7323684657930849]",-1,1
212,[0.81828249 0.38489612],5,1,"[0.8468477917130786, 0.39686044525788833]",1,1
213,[0.69361077 0.5135763 ],9,16,"[0.7229309954494666, 0.5651025967173542]",-1,1
214,[0.68866513 0.62554582],13,37,"[0.7159154001264324, 0.6649568038570144]",1,1
215,[0.70446779 0.21629444],41,18,"[0.722697462503846, 0.24657510395415844]",1,1
216,[0.09543293 0.57329638],39,-1,-1,-1,-1
217,[0.41651505 0.22129626],21,30,"[0.38058881077685586, 0.21509500619616465]",1,1
218,[0.38844613 0.18242654],21,30,"[0.38058881077685586, 0.21509500619616465]",1,1
219,[0.55387495 0.2738394 ],4,0,"[0.5785817481830586, 0.3037067824245507]",1,1
220,[0.2403052  0.50001269],28,2,"[0.2632199434321743, 0.47243685029053056]",1,1
221,[0.26548684 0.46811546],14,2,"[0.2632199434321743, 0.47243685029053056]",1,1
222,[0.24703982 0.46014942],28,2,"[0.2632199434321743, 0.47243685029053056]",1,1
223,[0.23366162 0.14118014],40,25,"[0.28646044229846734, 0.1648329518386483]",-1,1
224,[0.42956437 0.85368719],22,39,"[0.41553651748235904, 0.8199664939300585]",1,1
225,[0.16156026 0.55118647],28,10,"[0.19535131144460993, 0.5645751208198211]",1,1
226,[0.74421989 0.23213981],34,18,"[0.722697462503846, 0.24657510395415844]",1,1
227,[0.81220672 0.49268318],8,-1,-1,-1,-1
228,[0.41757129 0.49372115],38,7,"[0.45523393198547096, 0.4973829879031681]",1,1
229,[0.41238152 0.49541952],44,7,"[0.45523393198547096, 0.4973829879031681]",1,1
230,[0.76119094 0.5638867 ],5,16,"[0.7229309954494666, 0.5651025967173542]",-1,1
231,[0.30539555 0.70577306],20,21,"[0.32588261800019946, 0.7323684657930849]",-1,1
232,[0.63150133 0.7743062 ],24,36,"[0.6231053585078415, 0.8026115750261605]",1,1
233,[0.50456888 0.27243518],5,47,"[0.5084758469304866, 0.27217100949547596]",1,1
234,[0.79559552 0.28107006],15,23,"[0.7810045087632608, 0.31491984335768125]",1,1
235,[0.39949278 0.18177082],19,30,"[0.38058881077685586, 0.21509500619616465]",1,1
236,[0.58687959 0.83435492],49,36,"[0.6231053585078415, 0.8026115750261605]",1,1
237,[0.45695154 0.50496364],33,7,"[0.45523393198547096, 0.4973829879031681]",1,1
238,[0.54089332 0.3826756 ],33,41,"[0.5145046145516908, 0.37504969997004856]",1,1
239,[0.45563891 0.83339622],47,39,"[0.41553651748235904, 0.8199664939300585]",1,1
240,[0.26525869 0.49815321],28,2,"[0.2632199434321743, 0.47243685029053056]",1,1
241,[0.73047759 0.15808526],41,24,"[0.7022730262736179, 0.1710851192531718]",1,1
242,[0.79088137 0.76875431],45,33,"[0.8436814763895661, 0.8109608667727767]",-1,1
243,[0.40201669 0.78944551],2,39,"[0.41553651748235904, 0.8199664939300585]",1,1
244,[0.7828751  0.84188958],45,46,"[0.7414203272542098, 0.8659216426417596]",0,1
245,[0.48633688 0.54686234],44,6,"[0.47156007370629266, 0.5932404479018316]",1,1
246,[0.69499383 0.20084244],34,24,"[0.7022730262736179, 0.1710851192531718]",1,1
247,[0.75971168 0.70330389],9,37,"[0.7159154001264324, 0.6649568038570144]",0,1
248,[0.69800237 0.2594641 ],34,18,"[0.722697462503846, 0.24657510395415844]",1,1
249,[0.35169969 0.78579137],2,32,"[0.32956545160034506, 0.8358907529264196]",1,1
250,[0.8179453  0.41672551],8,1,"[0.8468477917130786, 0.39686044525788833]",1,1
251,[0.2388311  0.54841047],39,10,"[0.19535131144460993, 0.5645751208198211]",1,1
252,[0.80563106 0.18725481],1,34,"[0.8218914120283389, 0.15821107993071307]",1,1
253,[0.22994502 0.63980588],43,-1,-1,-1,1
254,[0.1462417  0.17735141],32,-1,-1,-1,-1
255,[0.56268577 0.40425874],3,20,"[0.539254394115152, 0.4324693238375917]",1,1
256,[0.57971827 0.63573668],9,29,"[0.5715529602001289, 0.6463778298209435]",1,1
257,[0.82888033 0.36952404],8,1,"[0.8468477917130786, 0.39686044525788833]",1,1
258,[0.2929817  0.47403597],23,2,"[0.2632199434321743, 0.47243685029053056]",1,1
259,[0.5170652  0.30607058],12,47,"[0.5084758469304866, 0.27217100949547596]",1,1
260,[0.49085921 0.6913072 ],30,9,"[0.4733749307799963, 0.6794102851036441]",1,1
261,[0.82642885 0.36103517],5,1,"[0.8468477917130786, 0.39686044525788833]",1,1
262,[0.80129224 0.81559912],9,33,"[0.8436814763895661, 0.8109608667727767]",0,1
263,[0.30185419 0.34171877],25,8,"[0.2887674321547231, 0.36646909369869735]",1,1
264,[0.67170308 0.38568719],12,4,"[0.673351869797573, 0.3367675396968434]",1,1
265,[0.34271742 0.84873196],2,32,"[0.32956545160034506, 0.8358907529264196]",1,1
266,[0.83405986 0.20637952],10,31,"[0.851246446101303, 0.24528280468404687]",1,1
267,[0.43428489 0.76842476],22,39,"[0.41553651748235904, 0.8199664939300585]",1,1
268,[0.28210738 0.39020441],14,8,"[0.2887674321547231, 0.36646909369869735]",1,1
269,[0.62346696 0.44050168],12,11,"[0.616328850657383, 0.4469370690226394]",1,1
270,[0.83276917 0.31934512],27,23,"[0.7810045087632608, 0.31491984335768125]",1,1
271,[0.72052271 0.25904014],10,18,"[0.722697462503846, 0.24657510395415844]",1,1
272,[0.72867822 0.47532845],27,5,"[0.7245100505100849, 0.4089833746246954]",1,1
273,[0.52572533 0.29470208],37,47,"[0.5084758469304866, 0.27217100949547596]",1,1
274,[0.76274879 0.86803374],45,46,"[0.7414203272542098, 0.8659216426417596]",0,1
275,[0.12983483 0.56806815],31,10,"[0.19535131144460993, 0.5645751208198211]",-1,1
276,[0.31553266 0.47087544],26,19,"[0.3440341438087981, 0.4585393120619346]",1,1
277,[0.48827183 0.48149807],44,7,"[0.45523393198547096, 0.4973829879031681]",1,1
278,[0.15689212 0.49425807],28,-1,-1,-1,1
279,[0.51988528 0.47792082],33,20,"[0.539254394115152, 0.4324693238375917]",1,1
280,[0.58971812 0.4762216 ],46,11,"[0.616328850657383, 0.4469370690226394]",1,1
281,[0.90252763 0.34170463],41,-1,-1,-1,1
282,[0.71495309 0.34097689],15,4,"[0.673351869797573, 0.3367675396968434]",1,1
283,[0.304896   0.36087038],3,8,"[0.2887674321547231, 0.36646909369869735]",1,1
284,[0.16271514 0.23680055],26,12,"[0.20938121626770115, 0.2530581322514841]",-1,1
285,[0.19671532 0.62174679],39,10,"[0.19535131144460993, 0.5645751208198211]",1,1
286,[0.87519914 0.14725243],1,34,"[0.8218914120283389, 0.15821107993071307]",1,1
287,[0.47839644 0.62553388],44,6,"[0.47156007370629266, 0.5932404479018316]",1,1
288,[0.54060324 0.32337687],4,0,"[0.5785817481830586, 0.3037067824245507]",1,1
289,[0.46022152 0.6200668 ],23,6,"[0.47156007370629266, 0.5932404479018316]",1,1
290,[0.47295819 0.69359336],2,9,"[0.4733749307799963, 0.6794102851036441]",1,1
291,[0.89711067 0.3958513 ],27,1,"[0.8468477917130786, 0.39686044525788833]",1,1
292,[0.87791259 0.38357577],41,1,"[0.8468477917130786, 0.39686044525788833]",1,1
293,[0.80073393 0.84898478],45,33,"[0.8436814763895661, 0.8109608667727767]",0,1
294,[0.36830032 0.61464277],38,22,"[0.3858548553404886, 0.5686983489050204]",1,1
295,[0.5051172  0.56844454],44,15,"[0.5335483326305349, 0.5735795711388955]",1,1
296,[0.34826544 0.79899454],22,32,"[0.32956545160034506, 0.8358907529264196]",1,1
297,[0.44741716 0.40204519],33,26,"[0.43056933118487034, 0.40528908511862793]",1,1
298,[0.26756349 0.46217764],28,2,"[0.2632199434321743, 0.47243685029053056]",1,1
299,[0.75615236 0.25123376],10,18,"[0.722697462503846, 0.24657510395415844]",1,1
300,[0.45204938 0.55018998],33,6,"[0.47156007370629266, 0.5932404479018316]",1,1
301,[0.56033001 0.43087156],46,20,"[0.539254394115152, 0.4324693238375917]",1,1
302,[0.53845211 0.22438513],37,47,"[0.5084758469304866, 0.27217100949547596]",1,1
303,[0.29669944 0.16100914],40,25,"[0.28646044229846734, 0.1648329518386483]",-1,1
304,[0.60075886 0.31665839],48,0,"[0.5785817481830586, 0.3037067824245507]",1,1
305,[0.73667958 0.2487392 ],15,18,"[0.722697462503846, 0.24657510395415844]",1,1
306,[0.5578388  0.38356034],12,41,"[0.5145046145516908, 0.37504969997004856]",1,1
307,[0.61137365 0.53553935],42,28,"[0.612818073063186, 0.5682173367924668]",1,1
308,[0.36655675 0.85064598],22,32,"[0.32956545160034506, 0.8358907529264196]",1,1
309,[0.28604538 0.83302905],2,32,"[0.32956545160034506, 0.8358907529264196]",-1,1
310,[0.48904528 0.24866022],3,47,"[0.5084758469304866, 0.27217100949547596]",-1,1
311,[0.34880102 0.2864864 ],25,17,"[0.3081667678458384, 0.27622186438467633]",1,1
312,[0.68818883 0.87342828],24,46,"[0.7414203272542098, 0.8659216426417596]",-1,1
313,[0.41666237 0.7537414 ],47,39,"[0.41553651748235904, 0.8199664939300585]",1,1
314,[0.54358787 0.66917768],29,29,"[0.5715529602001289, 0.6463778298209435]",1,1
315,[0.70155021 0.75519467],24,44,"[0.6887783688516544, 0.7503915122466659]",1,1
316,[0.35882209 0.87870631],22,43,"[0.34927683198839027, 0.9083256159973345]",1,1
317,[1.         0.38532388],41,-1,-1,-1,-1
318,[0.75037786 0.41380252],5,5,"[0.7245100505100849, 0.4089833746246954]",1,1
319,[0.55685852 0.51921959],36,15,"[0.5335483326305349, 0.5735795711388955]",1,1
320,[0.62323082 0.22579812],6,3,"[0.6202885063624497, 0.21030864992260714]",1,1
321,[0.32041918 0.44459727],14,19,"[0.3440341438087981, 0.4585393120619346]",1,1
322,[0.38080531 0.82347109],2,39,"[0.41553651748235904, 0.8199664939300585]",1,1
323,[0.17764439 0.28970786],25,12,"[0.20938121626770115, 0.2530581322514841]",-1,1
324,[0.39439032 0.80911367],18,39,"[0.41553651748235904, 0.8199664939300585]",1,1
325,[0.49734774 0.61518745],20,6,"[0.47156007370629266, 0.5932404479018316]",1,1
326,[0.59212326 0.20755642],7,3,"[0.6202885063624497, 0.21030864992260714]",1,1
327,[0.37228244 0.19527079],21,30,"[0.38058881077685586, 0.21509500619616465]",1,1
328,[0.78452265 0.9314829 ],45,-1,-1,-1,-1
329,[0.50731661 0.4486891 ],38,20,"[0.539254394115152, 0.4324693238375917]",1,1
330,[0.3953041  0.77668269],22,39,"[0.41553651748235904, 0.8199664939300585]",1,1
331,[0.52721134 0.61804517],36,15,"[0.5335483326305349, 0.5735795711388955]",1,1
332,[0.26185307 0.61857898],31,-1,-1,-1,1
333,[0.5393512  0.65528222],17,29,"[0.5715529602001289, 0.6463778298209435]",1,1
334,[0.21488131 0.27061711],26,12,"[0.20938121626770115, 0.2530581322514841]",1,1
335,[0.40514388 0.43383078],38,26,"[0.43056933118487034, 0.40528908511862793]",1,1
336,[0.46075224 0.50666495],33,7,"[0.45523393198547096, 0.4973829879031681]",1,1
337,[0.47451408 0.5477268 ],20,6,"[0.47156007370629266, 0.5932404479018316]",1,1
338,[0.42185462 0.81173087],47,39,"[0.41553651748235904, 0.8199664939300585]",1,1
339,[0.34740417 0.9239336 ],2,43,"[0.34927683198839027, 0.9083256159973345]",1,1
340,[0.61415107 0.49117353],33,11,"[0.616328850657383, 0.4469370690226394]",1,1
341,[0.29508244 0.3002191 ],32,17,"[0.3081667678458384, 0.27622186438467633]",1,1
342,[0.43439722 0.38857351],19,26,"[0.43056933118487034, 0.40528908511862793]",1,1
343,[0.34378329 0.54806525],28,14,"[0.3004077983649947, 0.5468406263489509]",1,1
344,[0.46575363 0.44369184],38,26,"[0.43056933118487034, 0.40528908511862793]",1,1
345,[0.37457778 0.59869555],31,22,"[0.3858548553404886, 0.5686983489050204]",1,1
346,[0.46902735 0.38830193],3,26,"[0.43056933118487034, 0.40528908511862793]",1,1
347,[0.15956299 0.60243057],39,10,"[0.19535131144460993, 0.5645751208198211]",-1,1
348,[0.4790354  0.49017701],33,7,"[0.45523393198547096, 0.4973829879031681]",1,1
349,[0.30323644 0.27974378],35,17,"[0.3081667678458384, 0.27622186438467633]",1,1
350,[0.49205111 0.38445633],33,41,"[0.5145046145516908, 0.37504969997004856]",1,1
351,[0.53355136 0.17079598],6,13,"[0.5512931196656272, 0.16942604907868813]",1,1
352,[0.69243179 0.27538218],16,18,"[0.722697462503846, 0.24657510395415844]",1,1
353,[0.78045263 0.10356434],15,34,"[0.8218914120283389, 0.15821107993071307]",-1,1
354,[0.42177017 0.42058667],38,26,"[0.43056933118487034, 0.40528908511862793]",1,1
355,[0.54667572 0.37553175],3,41,"[0.5145046145516908, 0.37504969997004856]",1,1
356,[0.60779045 0.26856959],15,0,"[0.5785817481830586, 0.3037067824245507]",1,1
357,[0.64203094 0.25762181],7,3,"[0.6202885063624497, 0.21030864992260714]",1,1
358,[0.38422215 0.35832454],32,26,"[0.43056933118487034, 0.40528908511862793]",1,1
359,[0.15541726 0.56081879],39,10,"[0.19535131144460993, 0.5645751208198211]",1,1
360,[0.32521694 0.26808936],35,17,"[0.3081667678458384, 0.27622186438467633]",1,1
361,[0.29129252 0.30751589],3,17,"[0.3081667678458384, 0.27622186438467633]",1,1
362,[0.34226507 0.90414122],2,43,"[0.34927683198839027, 0.9083256159973345]",1,1
363,[0.84896772 0.83655766],24,33,"[0.8436814763895661, 0.8109608667727767]",0,1
364,[0.62821247 0.06872158],34,40,"[0.645651635206781, 0.10720828165918456]",1,1
365,[0.34080479 0.40667232],11,19,"[0.3440341438087981, 0.4585393120619346]",1,1
366,[0.5676145 0.1675641],16,13,"[0.5512931196656272, 0.16942604907868813]",1,1
367,[0.54142888 0.73413252],0,45,"[0.5216704391495552, 0.7643920871914024]",1,1
368,[0.59695611 0.27178334],19,0,"[0.5785817481830586, 0.3037067824245507]",1,1
369,[0.79817064 0.25275541],8,31,"[0.851246446101303, 0.24528280468404687]",1,1
370,[0.63840135 0.44727245],46,11,"[0.616328850657383, 0.4469370690226394]",1,1
371,[0.66233457 0.73006256],29,44,"[0.6887783688516544, 0.7503915122466659]",1,1
372,[0.54285001 0.39671858],3,41,"[0.5145046145516908, 0.37504969997004856]",1,1
373,[0.55414281 0.16324566],6,13,"[0.5512931196656272, 0.16942604907868813]",1,1
374,[0.86146246 0.78462623],45,33,"[0.8436814763895661, 0.8109608667727767]",-1,1
375,[0.23339881 0.06591928],40,-1,-1,-1,-1
376,[0.28857634 0.57702364],31,14,"[0.3004077983649947, 0.5468406263489509]",1,1
377,[0.25076855 0.59787848],43,10,"[0.19535131144460993, 0.5645751208198211]",1,1
378,[0.54142168 0.2947213 ],6,0,"[0.5785817481830586, 0.3037067824245507]",1,1
379,[0.60097297 0.49177544],46,11,"[0.616328850657383, 0.4469370690226394]",1,1
380,[0.85806561 0.4336364 ],8,1,"[0.8468477917130786, 0.39686044525788833]",-1,1
381,[0.2920127 0.6095503],20,14,"[0.3004077983649947, 0.5468406263489509]",1,1
382,[0.40149091 0.94960921],22,48,"[0.4364996608495685, 0.9299605742747341]",-1,1
383,[0.49882398 0.68087545],29,9,"[0.4733749307799963, 0.6794102851036441]",1,1
384,[0.35983074 0.42225271],23,19,"[0.3440341438087981, 0.4585393120619346]",1,1
385,[0.21648743 0.36939916],35,-1,-1,1,1
386,[0.24903465 0.57016412],39,10,"[0.19535131144460993, 0.5645751208198211]",1,1
387,[0.40470105 0.27405364],21,38,"[0.4156422830378812, 0.29545330122567204]",1,1
388,[0.51097362 0.41283374],4,20,"[0.539254394115152, 0.4324693238375917]",1,1
389,[0.58827476 0.33031284],12,0,"[0.5785817481830586, 0.3037067824245507]",1,1
390,[0.50419203 0.34902969],4,41,"[0.5145046145516908, 0.37504969997004856]",1,1
391,[0.7306609  0.33606758],7,23,"[0.7810045087632608, 0.31491984335768125]",1,1
392,[0.82465616 0.38755066],27,1,"[0.8468477917130786, 0.39686044525788833]",1,1
393,[0.7362801  0.47191448],42,5,"[0.7245100505100849, 0.4089833746246954]",-1,1
394,[0.57882776 0.16404673],16,13,"[0.5512931196656272, 0.16942604907868813]",1,1
395,[0.17834538 0.19694897],32,12,"[0.20938121626770115, 0.2530581322514841]",-1,1
396,[0.50171955 0.57613511],36,15,"[0.5335483326305349, 0.5735795711388955]",1,1
397,[0.72335491 0.18539459],10,24,"[0.7022730262736179, 0.1710851192531718]",1,1
398,[0.95318744 0.25829416],41,-1,-1,-1,1
399,[0.78514259 0.37671095],42,23,"[0.7810045087632608, 0.31491984335768125]",1,1
400,[0.25168254 0.18454395],40,25,"[0.28646044229846734, 0.1648329518386483]",1,1
401,[0.40287108 0.30256646],21,38,"[0.4156422830378812, 0.29545330122567204]",1,1
402,[0.40086763 0.88558978],22,43,"[0.34927683198839027, 0.9083256159973345]",1,1
403,[0.56797687 0.21032946],7,13,"[0.5512931196656272, 0.16942604907868813]",1,1
404,[0.31287227 0.52323064],28,14,"[0.3004077983649947, 0.5468406263489509]",1,1
405,[0.4188053  0.56857182],36,22,"[0.3858548553404886, 0.5686983489050204]",1,1
406,[0.589175   0.53481755],36,28,"[0.612818073063186, 0.5682173367924668]",1,1
407,[0.67144991 0.60482632],17,16,"[0.7229309954494666, 0.5651025967173542]",1,1
408,[0.72839222 0.42363085],5,5,"[0.7245100505100849, 0.4089833746246954]",1,1
409,[0.69328486 0.72569277],13,44,"[0.6887783688516544, 0.7503915122466659]",1,1
410,[0.33061946 0.75403392],2,21,"[0.32588261800019946, 0.7323684657930849]",1,1
411,[0.2947985  0.37948304],25,8,"[0.2887674321547231, 0.36646909369869735]",1,1
412,[0.26902893 0.36218591],14,8,"[0.2887674321547231, 0.36646909369869735]",1,1
413,[0.76769809 0.81089591],24,46,"[0.7414203272542098, 0.8659216426417596]",0,1
414,[0.74974768 0.22644194],10,18,"[0.722697462503846, 0.24657510395415844]",1,1
415,[0.31883561 0.3412613 ],32,8,"[0.2887674321547231, 0.36646909369869735]",1,1
416,[0.71189469 0.39289629],5,5,"[0.7245100505100849, 0.4089833746246954]",1,1
417,[0.14849529 0.48085098],14,-1,-1,-1,1
418,[0.46330881 0.77280179],47,45,"[0.5216704391495552, 0.7643920871914024]",-1,1
419,[0.63395398 0.46739381],46,11,"[0.616328850657383, 0.4469370690226394]",1,1
420,[0.61907125 0.23220422],37,3,"[0.6202885063624497, 0.21030864992260714]",1,1
421,[0.72686898 0.2076369 ],27,18,"[0.722697462503846, 0.24657510395415844]",1,1
422,[0.46059981 0.40904144],19,26,"[0.43056933118487034, 0.40528908511862793]",1,1
423,[0.32808935 0.1045054 ],21,-1,-1,-1,-1
424,[0.84574395 0.40600228],27,1,"[0.8468477917130786, 0.39686044525788833]",1,1
425,[0.2636979  0.35607417],25,8,"[0.2887674321547231, 0.36646909369869735]",1,1
426,[0.46778084 0.37318515],35,41,"[0.5145046145516908, 0.37504969997004856]",1,1
427,[0.76447737 0.65885876],13,37,"[0.7159154001264324, 0.6649568038570144]",1,1
428,[0.3611086  0.74035044],20,21,"[0.32588261800019946, 0.7323684657930849]",1,1
429,[0.90045258 0.25029779],41,31,"[0.851246446101303, 0.24528280468404687]",-1,1
430,[0.92428129 0.83403748],45,-1,-1,-1,-1
431,[0.50977297 0.29840376],33,47,"[0.5084758469304866, 0.27217100949547596]",1,1
432,[0.32030232 0.59166766],38,14,"[0.3004077983649947, 0.5468406263489509]",1,1
433,[0.18776736 0.56158529],39,10,"[0.19535131144460993, 0.5645751208198211]",1,1
434,[0.31477803 0.85482733],2,32,"[0.32956545160034506, 0.8358907529264196]",1,1
435,[0.82049749 0.41277233],46,1,"[0.8468477917130786, 0.39686044525788833]",1,1
436,[0.36330344 0.12887277],21,49,"[0.43028374541613945, 0.127585470354601]",-1,1
437,[0.33371673 0.17403842],40,25,"[0.28646044229846734, 0.1648329518386483]",-1,1
438,[0.43721463 0.41230487],12,26,"[0.43056933118487034, 0.40528908511862793]",1,1
439,[0.53030112 0.63739929],29,29,"[0.5715529602001289, 0.6463778298209435]",1,1
440,[0.49907442 0.31884123],3,47,"[0.5084758469304866, 0.27217100949547596]",1,1
441,[0.86586704 0.14154114],10,34,"[0.8218914120283389, 0.15821107993071307]",1,1
442,[0.85467502 0.40571758],5,1,"[0.8468477917130786, 0.39686044525788833]",1,1
443,[0.78973384 0.31319094],5,23,"[0.7810045087632608, 0.31491984335768125]",1,1
444,[0.28345954 0.27837149],26,17,"[0.3081667678458384, 0.27622186438467633]",1,1
445,[0.72308351 0.3923651 ],12,5,"[0.7245100505100849, 0.4089833746246954]",1,1
446,[0.53160525 0.37727986],38,41,"[0.5145046145516908, 0.37504969997004856]",1,1
447,[0.33264628 0.92151967],22,43,"[0.34927683198839027, 0.9083256159973345]",-1,1
448,[0.43324407 0.59072537],29,6,"[0.47156007370629266, 0.5932404479018316]",1,1
449,[0.80111872 0.26055299],37,31,"[0.851246446101303, 0.24528280468404687]",1,1
450,[0.93421924 0.1730825 ],41,-1,-1,-1,-1
451,[0.73891337 0.12265465],15,24,"[0.7022730262736179, 0.1710851192531718]",1,1
452,[0.61013304 0.40147075],46,11,"[0.616328850657383, 0.4469370690226394]",1,1
453,[0.80444581 0.82702893],45,33,"[0.8436814763895661, 0.8109608667727767]",0,1
454,[0.55407392 0.77258903],47,45,"[0.5216704391495552, 0.7643920871914024]",1,1
455,[0.64371234 0.57449466],13,28,"[0.612818073063186, 0.5682173367924668]",1,1
456,[0.30305056 0.36293386],28,8,"[0.2887674321547231, 0.36646909369869735]",1,1
457,[0.60019086 0.13005531],6,40,"[0.645651635206781, 0.10720828165918456]",1,1
458,[0.84111184 0.7859505 ],45,33,"[0.8436814763895661, 0.8109608667727767]",-1,1
459,[0.4868584  0.82772573],18,27,"[0.5183415880490136, 0.8723630823093117]",1,1
460,[0.55473585 0.51257884],13,15,"[0.5335483326305349, 0.5735795711388955]",1,1
461,[0.59526378 0.72730875],0,35,"[0.607978506335538, 0.7019524807141947]",1,1
462,[0.23911056 0.4265407 ],28,2,"[0.2632199434321743, 0.47243685029053056]",1,1
463,[0.44857577 0.27692892],19,38,"[0.4156422830378812, 0.29545330122567204]",1,1
464,[0.58675449 0.63964833],13,29,"[0.5715529602001289, 0.6463778298209435]",1,1
465,[0.42149481 0.13075154],40,49,"[0.43028374541613945, 0.127585470354601]",1,1
466,[0.41761725 0.23160481],21,30,"[0.38058881077685586, 0.21509500619616465]",1,1
467,[0.49663317 0.62742963],30,6,"[0.47156007370629266, 0.5932404479018316]",1,1
468,[0.67752103 0.80229249],49,44,"[0.6887783688516544, 0.7503915122466659]",1,1
469,[0.48488121 0.60014557],11,6,"[0.47156007370629266, 0.5932404479018316]",1,1
470,[0.61921704 0.48178957],42,11,"[0.616328850657383, 0.4469370690226394]",1,1
471,[0.81727158 0.3881077 ],8,1,"[0.8468477917130786, 0.39686044525788833]",1,1
472,[0.42261491 0.306232  ],40,38,"[0.4156422830378812, 0.29545330122567204]",1,1
473,[0.43259401 0.32391143],3,38,"[0.4156422830378812, 0.29545330122567204]",1,1
474,[0.69998332 0.54702545],17,16,"[0.7229309954494666, 0.5651025967173542]",1,1
475,[0.28613027 0.26330038],32,17,"[0.3081667678458384, 0.27622186438467633]",1,1
476,[0.21465321 0.55366998],28,10,"[0.19535131144460993, 0.5645751208198211]",1,1
477,[0.22300548 0.52131118],28,10,"[0.19535131144460993, 0.5645751208198211]",1,1
478,[0.28679909 0.80011571],2,32,"[0.32956545160034506, 0.8358907529264196]",-1,1
479,[0.73545874 0.23501136],37,18,"[0.722697462503846, 0.24657510395415844]",1,1
480,[0.78481113 0.45395015],8,-1,-1,1,1
481,[0.24700706 0.45154038],26,2,"[0.2632199434321743, 0.47243685029053056]",1,1
482,[0.55143595 0.46586776],42,20,"[0.539254394115152, 0.4324693238375917]",1,1
483,[0.37032837 0.43467012],23,19,"[0.3440341438087981, 0.4585393120619346]",1,1
484,[0.81373931 0.18877588],15,34,"[0.8218914120283389, 0.15821107993071307]",1,1
485,[0.31460943 0.26039355],21,17,"[0.3081667678458384, 0.27622186438467633]",1,1
486,[0.27773445 0.27506322],32,17,"[0.3081667678458384, 0.27622186438467633]",1,1
487,[0.27901097 0.20158811],32,25,"[0.28646044229846734, 0.1648329518386483]",1,1
488,[0.68835303 0.10109651],34,40,"[0.645651635206781, 0.10720828165918456]",1,1
489,[0.72885379 0.24566672],27,18,"[0.722697462503846, 0.24657510395415844]",1,1
490,[0.72126205 0.61725034],13,37,"[0.7159154001264324, 0.6649568038570144]",1,1
491,[0.64884487 0.68559668],47,35,"[0.607978506335538, 0.7019524807141947]",1,1
492,[0.28274072 0.20695516],40,25,"[0.28646044229846734, 0.1648329518386483]",1,1
493,[0.5979498  0.58532146],30,28,"[0.612818073063186, 0.5682173367924668]",1,1
494,[0.64559094 0.17882662],37,3,"[0.6202885063624497, 0.21030864992260714]",1,1
495,[0.10741322 0.53772845],43,-1,-1,-1,1
496,[0.44583443 0.68818316],44,9,"[0.4733749307799963, 0.6794102851036441]",1,1
497,[0.83512356 0.17032745],15,34,"[0.8218914120283389, 0.15821107993071307]",1,1
498,[0.54059162 0.23884373],7,47,"[0.5084758469304866, 0.27217100949547596]",1,1
499,[0.83677315 0.76914002],9,33,"[0.8436814763895661, 0.8109608667727767]",-1,1
500,[0.43623084 0.91358228],18,48,"[0.4364996608495685, 0.9299605742747341]",1,1
501,[0.67779422 0.59409365],13,16,"[0.7229309954494666, 0.5651025967173542]",1,1
502,[0.44356391 0.60707571],38,6,"[0.47156007370629266, 0.5932404479018316]",1,1
503,[0.89776174 0.40588164],27,1,"[0.8468477917130786, 0.39686044525788833]",1,1
504,[0.68947236 0.68652528],9,37,"[0.7159154001264324, 0.6649568038570144]",1,1
505,[0.77966136 0.74954169],13,-1,-1,-1,1
506,[0.27219168 0.46380215],14,2,"[0.2632199434321743, 0.47243685029053056]",1,1
507,[0.58812732 0.24558277],16,3,"[0.6202885063624497, 0.21030864992260714]",1,1
508,[0.60047125 0.79662491],49,36,"[0.6231053585078415, 0.8026115750261605]",1,1
509,[0.88337051 0.25790571],41,31,"[0.851246446101303, 0.24528280468404687]",1,1
510,[0.46616368 0.62712302],29,6,"[0.47156007370629266, 0.5932404479018316]",1,1
511,[0.64830087 0.09954576],15,40,"[0.645651635206781, 0.10720828165918456]",1,1
512,[0.25906651 0.34104474],35,8,"[0.2887674321547231, 0.36646909369869735]",1,1
513,[0.67930181 0.41157819],5,5,"[0.7245100505100849, 0.4089833746246954]",1,1
514,[0.78501841 0.67176845],17,37,"[0.7159154001264324, 0.6649568038570144]",0,1
515,[0.27321538 0.37213565],14,8,"[0.2887674321547231, 0.36646909369869735]",1,1
516,[0.48749113 0.51049713],33,7,"[0.45523393198547096, 0.4973829879031681]",1,1
517,[0.65353721 0.44879724],46,11,"[0.616328850657383, 0.4469370690226394]",1,1
518,[0.37292802 0.34683153],35,38,"[0.4156422830378812, 0.29545330122567204]",1,1
519,[0.54212066 0.20639273],4,13,"[0.5512931196656272, 0.16942604907868813]",1,1
520,[0.64498892 0.75096409],24,44,"[0.6887783688516544, 0.7503915122466659]",1,1
521,[0.33381755 0.48273287],31,19,"[0.3440341438087981, 0.4585393120619346]",1,1
522,[0.71339443 0.93649448],45,-1,-1,-1,-1
523,[0.60567525 0.50182721],30,11,"[0.616328850657383, 0.4469370690226394]",1,1
524,[0.2571379  0.37936357],14,8,"[0.2887674321547231, 0.36646909369869735]",1,1
525,[0.37298617 0.52974404],23,22,"[0.3858548553404886, 0.5686983489050204]",1,1
526,[0.71691396 0.57069932],42,16,"[0.7229309954494666, 0.5651025967173542]",1,1
527,[0.59442878 0.23681064],48,3,"[0.6202885063624497, 0.21030864992260714]",1,1
528,[0.55622646 0.26176306],48,0,"[0.5785817481830586, 0.3037067824245507]",1,1
529,[0.40602756 0.63348435],20,42,"[0.40673806569193616, 0.6587999433732626]",1,1
530,[0.25759573 0.44235886],11,2,"[0.2632199434321743, 0.47243685029053056]",1,1
531,[0.75180605 0.77160485],24,44,"[0.6887783688516544, 0.7503915122466659]",0,1
532,[0.34198402 0.3747089 ],35,8,"[0.2887674321547231, 0.36646909369869735]",1,1
533,[0.43550262 0.45711328],29,7,"[0.45523393198547096, 0.4973829879031681]",1,1
534,[0.34057164 0.38828106],25,8,"[0.2887674321547231, 0.36646909369869735]",1,1
535,[0.60929027 0.71538853],17,35,"[0.607978506335538, 0.7019524807141947]",1,1
536,[0.31654691 0.86269011],18,32,"[0.32956545160034506, 0.8358907529264196]",1,1
537,[0.83770459 0.36527254],5,1,"[0.8468477917130786, 0.39686044525788833]",1,1
538,[0.68425954 0.25126325],7,18,"[0.722697462503846, 0.24657510395415844]",1,1
539,[0.71087218 0.39594192],42,5,"[0.7245100505100849, 0.4089833746246954]",1,1
540,[0.44916494 0.64973843],20,9,"[0.4733749307799963, 0.6794102851036441]",1,1
541,[0.76924219 0.53187753],13,16,"[0.7229309954494666, 0.5651025967173542]",-1,-1
542,[0.56090486 0.69660792],0,35,"[0.607978506335538, 0.7019524807141947]",1,1
543,[0.68242561 0.55201708],42,16,"[0.7229309954494666, 0.5651025967173542]",1,1
544,[0.85074456 0.27920428],10,31,"[0.851246446101303, 0.24528280468404687]",1,1
545,[0.60620332 0.12044933],16,40,"[0.645651635206781, 0.10720828165918456]",-1,1
546,[0.60581381 0.19065763],34,3,"[0.6202885063624497, 0.21030864992260714]",1,1
547,[0.75823574 0.63823219],9,37,"[0.7159154001264324, 0.6649568038570144]",1,1
548,[0.36641699 0.86567774],22,43,"[0.34927683198839027, 0.9083256159973345]",1,1
549,[0.83740383 0.84170393],45,33,"[0.8436814763895661, 0.8109608667727767]",0,1
550,[0.62641911 0.10769954],1,40,"[0.645651635206781, 0.10720828165918456]",1,1
551,[0.45499426 0.140723  ],21,49,"[0.43028374541613945, 0.127585470354601]",1,1
552,[0.71869851 0.88434751],24,46,"[0.7414203272542098, 0.8659216426417596]",-1,1
553,[0.87188368 0.34370235],27,1,"[0.8468477917130786, 0.39686044525788833]",1,1
554,[0.25928565 0.50605695],31,2,"[0.2632199434321743, 0.47243685029053056]",1,1
555,[0.63058058 0.55064795],30,28,"[0.612818073063186, 0.5682173367924668]",1,1
556,[0.63128301 0.44541414],42,11,"[0.616328850657383, 0.4469370690226394]",1,1
557,[0.99966079 0.27734661],41,-1,-1,-1,-1
558,[0.340352   0.62150966],23,22,"[0.3858548553404886, 0.5686983489050204]",1,1
559,[0.46715778 0.73720005],29,9,"[0.4733749307799963, 0.6794102851036441]",1,1
560,[0.76549428 0.25890541],12,18,"[0.722697462503846, 0.24657510395415844]",1,1
561,[0.35550953 0.8764091 ],18,43,"[0.34927683198839027, 0.9083256159973345]",1,1
562,[0.77948202 0.28067472],1,23,"[0.7810045087632608, 0.31491984335768125]",1,1
563,[0.58594289 0.90628918],24,-1,-1,-1,1
564,[0.76471077 0.70652784],17,37,"[0.7159154001264324, 0.6649568038570144]",0,1
565,[0.68956168 0.60154171],9,16,"[0.7229309954494666, 0.5651025967173542]",1,1
566,[0.21415598 0.35234225],25,-1,-1,-1,1
567,[0.66286816 0.34138488],19,4,"[0.673351869797573, 0.3367675396968434]",1,1
568,[0.56831536 0.16899976],6,13,"[0.5512931196656272, 0.16942604907868813]",1,1
569,[0.4016064  0.50744743],44,7,"[0.45523393198547096, 0.4973829879031681]",1,1
570,[0.40040437 0.75463904],47,39,"[0.41553651748235904, 0.8199664939300585]",1,1
571,[0.36522193 0.21040738],35,30,"[0.38058881077685586, 0.21509500619616465]",1,1
572,[0.28363244 0.45605006],14,2,"[0.2632199434321743, 0.47243685029053056]",1,1
573,[0.52401892 0.37064878],4,41,"[0.5145046145516908, 0.37504969997004856]",1,1
574,[0.55330571 0.91273983],49,27,"[0.5183415880490136, 0.8723630823093117]",-1,1
575,[0.44018174 0.48339346],11,7,"[0.45523393198547096, 0.4973829879031681]",1,1
576,[0.32063616 0.38316465],23,8,"[0.2887674321547231, 0.36646909369869735]",1,1
577,[0.51838432 0.41528217],3,20,"[0.539254394115152, 0.4324693238375917]",1,1
578,[0.36100821 0.54381454],11,22,"[0.3858548553404886, 0.5686983489050204]",1,1
579,[0.56982172 0.26673013],7,0,"[0.5785817481830586, 0.3037067824245507]",1,1
580,[0.63040494 0.37676576],37,4,"[0.673351869797573, 0.3367675396968434]",1,1
581,[0.37978368 0.4655654 ],23,19,"[0.3440341438087981, 0.4585393120619346]",1,1
582,[0.16187716 0.28960713],14,12,"[0.20938121626770115, 0.2530581322514841]",-1,1
583,[0.67076458 0.13701055],16,40,"[0.645651635206781, 0.10720828165918456]",1,1
584,[0.50189479 0.41733557],38,20,"[0.539254394115152, 0.4324693238375917]",1,1
585,[0.28363177 0.56434708],39,14,"[0.3004077983649947, 0.5468406263489509]",1,1
586,[0.59726807 0.35858565],3,0,"[0.5785817481830586, 0.3037067824245507]",1,1
587,[0.25830992 0.49611781],39,2,"[0.2632199434321743, 0.47243685029053056]",1,1
588,[0.46342464 0.61561128],36,6,"[0.47156007370629266, 0.5932404479018316]",1,1
589,[0.32241953 0.41492897],14,19,"[0.3440341438087981, 0.4585393120619346]",1,1
590,[0.53265509 0.29797624],48,47,"[0.5084758469304866, 0.27217100949547596]",1,1
591,[0.80366731 0.21436312],10,31,"[0.851246446101303, 0.24528280468404687]",1,1
592,[0.43286363 0.1641095 ],6,49,"[0.43028374541613945, 0.127585470354601]",1,1
593,[0.89041851 0.35325647],27,1,"[0.8468477917130786, 0.39686044525788833]",1,1
594,[0.21566864 0.37032809],14,-1,-1,1,1
595,[0.86731582 0.34345631],27,1,"[0.8468477917130786, 0.39686044525788833]",1,1
596,[0.29044834 0.65886712],0,-1,-1,-1,1
597,[0.45942953 0.31669016],25,38,"[0.4156422830378812, 0.29545330122567204]",1,1
598,[0.5048523  0.85832915],18,27,"[0.5183415880490136, 0.8723630823093117]",1,1
599,[0.7415288 0.6837957],9,37,"[0.7159154001264324, 0.6649568038570144]",-1,1
600,[0.53894895 0.34988741],19,41,"[0.5145046145516908, 0.37504969997004856]",1,1
601,[0.66800386 0.34986408],34,4,"[0.673351869797573, 0.3367675396968434]",1,1
602,[0.79226193 0.55266808],13,-1,-1,-1,-1
603,[0.54868825 0.26790172],48,47,"[0.5084758469304866, 0.27217100949547596]",1,1
604,[0.84427559 0.88027648],45,33,"[0.8436814763895661, 0.8109608667727767]",-1,1
605,[0.66156754 0.30307557],7,4,"[0.673351869797573, 0.3367675396968434]",1,1
606,[0.87782694 0.39402743],15,1,"[0.8468477917130786, 0.39686044525788833]",1,1
607,[0.59212005 0.14522382],16,13,"[0.5512931196656272, 0.16942604907868813]",1,1
608,[0.33039762 0.33856659],25,8,"[0.2887674321547231, 0.36646909369869735]",1,1
609,[0.26231343 0.19588529],40,25,"[0.28646044229846734, 0.1648329518386483]",1,1
610,[0.40165506 0.44131354],4,26,"[0.43056933118487034, 0.40528908511862793]",1,1
611,[0.5969504  0.26792607],16,0,"[0.5785817481830586, 0.3037067824245507]",1,1
612,[0.44717059 0.90686456],22,48,"[0.4364996608495685, 0.9299605742747341]",1,1
613,[0.57078938 0.31208372],12,0,"[0.5785817481830586, 0.3037067824245507]",1,1
614,[0.63516092 0.27782243],1,0,"[0.5785817481830586, 0.3037067824245507]",1,1
615,[0.60831659 0.28697437],4,0,"[0.5785817481830586, 0.3037067824245507]",1,1
616,[0.65656508 0.36384359],12,4,"[0.673351869797573, 0.3367675396968434]",1,1
617,[0.31635015 0.27087247],32,17,"[0.3081667678458384, 0.27622186438467633]",1,1
618,[0.42627599 0.06387378],21,49,"[0.43028374541613945, 0.127585470354601]",-1,-1
619,[0.76155145 0.27051134],1,18,"[0.722697462503846, 0.24657510395415844]",1,1
620,[0.62019135 0.41898807],46,11,"[0.616328850657383, 0.4469370690226394]",1,1
621,[0.65578482 0.20646267],34,3,"[0.6202885063624497, 0.21030864992260714]",1,1
622,[0.23066531 0.46914556],39,2,"[0.2632199434321743, 0.47243685029053056]",1,1
623,[0.31363528 0.4223393 ],31,19,"[0.3440341438087981, 0.4585393120619346]",1,1
624,[0.22393586 0.54886736],28,10,"[0.19535131144460993, 0.5645751208198211]",1,1
625,[0.4167139  0.17054474],6,49,"[0.43028374541613945, 0.127585470354601]",1,1
626,[0.47496073 0.60083012],0,6,"[0.47156007370629266, 0.5932404479018316]",1,1
627,[0.62598474 0.54389883],30,28,"[0.612818073063186, 0.5682173367924668]",1,1
628,[0.74071697 0.72972518],24,44,"[0.6887783688516544, 0.7503915122466659]",-1,1
629,[0.44482293 0.25190837],32,38,"[0.4156422830378812, 0.29545330122567204]",1,1
630,[0.70100625 0.66049707],9,37,"[0.7159154001264324, 0.6649568038570144]",1,1
631,[0.56914588 0.29931116],37,0,"[0.5785817481830586, 0.3037067824245507]",1,1
632,[0.77276528 0.29073152],10,23,"[0.7810045087632608, 0.31491984335768125]",1,1
633,[0.36516936 0.4333393 ],28,19,"[0.3440341438087981, 0.4585393120619346]",1,1
634,[0.45572422 0.48623544],29,7,"[0.45523393198547096, 0.4973829879031681]",1,1
635,[0.50191054 0.25872668],19,47,"[0.5084758469304866, 0.27217100949547596]",1,1
636,[0.66451507 0.35530609],12,4,"[0.673351869797573, 0.3367675396968434]",1,1
637,[0.66401362 0.28388212],34,4,"[0.673351869797573, 0.3367675396968434]",1,1
638,[0.62292202 0.33933075],4,4,"[0.673351869797573, 0.3367675396968434]",1,1
639,[0.3639513 0.9145168],2,43,"[0.34927683198839027, 0.9083256159973345]",1,1
640,[0.25817296 0.24836212],25,12,"[0.20938121626770115, 0.2530581322514841]",1,1
641,[0.2458494  0.70345432],43,-1,-1,-1,-1
642,[0.5513379  0.18179342],7,13,"[0.5512931196656272, 0.16942604907868813]",1,1
643,[0.38093337 0.47368421],38,19,"[0.3440341438087981, 0.4585393120619346]",1,1
644,[0.27522655 0.20167314],35,25,"[0.28646044229846734, 0.1648329518386483]",1,1
645,[0.74017548 0.36541859],5,5,"[0.7245100505100849, 0.4089833746246954]",1,1
646,[0.69593363 0.42779897],42,5,"[0.7245100505100849, 0.4089833746246954]",1,1
647,[0.47502516 0.5919777 ],47,6,"[0.47156007370629266, 0.5932404479018316]",1,1
648,[0.72845273 0.38866918],42,5,"[0.7245100505100849, 0.4089833746246954]",1,1
649,[0.69946272 0.37105647],46,4,"[0.673351869797573, 0.3367675396968434]",1,1
650,[0.13294096 0.36956892],26,-1,-1,-1,-1
651,[0.26952827 0.5007375 ],31,2,"[0.2632199434321743, 0.47243685029053056]",1,1
652,[0.59753358 0.29558462],34,0,"[0.5785817481830586, 0.3037067824245507]",1,1
653,[0.48363357 0.78772464],18,45,"[0.5216704391495552, 0.7643920871914024]",-1,1
654,[0.24799023 0.27876968],32,12,"[0.20938121626770115, 0.2530581322514841]",1,1
655,[0.66654113 0.16678222],16,24,"[0.7022730262736179, 0.1710851192531718]",1,1
656,[0.53651754 0.76457448],29,45,"[0.5216704391495552, 0.7643920871914024]",1,1
657,[0.32871796 0.95383868],18,43,"[0.34927683198839027, 0.9083256159973345]",-1,1
658,[0.44398257 0.55411664],23,6,"[0.47156007370629266, 0.5932404479018316]",1,1
659,[0.6995005  0.12991471],34,24,"[0.7022730262736179, 0.1710851192531718]",1,1
660,[0.34833984 0.30476312],14,17,"[0.3081667678458384, 0.27622186438467633]",1,1
661,[0.21314327 0.54695879],43,10,"[0.19535131144460993, 0.5645751208198211]",1,1
662,[0.30886151 0.40000879],26,8,"[0.2887674321547231, 0.36646909369869735]",1,1
663,[0.52194315 0.34450346],19,41,"[0.5145046145516908, 0.37504969997004856]",1,1
664,[0.63015837 0.61722733],9,28,"[0.612818073063186, 0.5682173367924668]",1,1
665,[0.62958   0.6763292],9,35,"[0.607978506335538, 0.7019524807141947]",1,1
666,[0.7078935  0.09732282],1,40,"[0.645651635206781, 0.10720828165918456]",-1,1
667,[0.57516247 0.20677165],6,13,"[0.5512931196656272, 0.16942604907868813]",1,1
668,[0.33599718 0.81869833],2,32,"[0.32956545160034506, 0.8358907529264196]",1,1
669,[0.31646717 0.49728728],39,19,"[0.3440341438087981, 0.4585393120619346]",1,1
670,[0.42881284 0.53620455],44,7,"[0.45523393198547096, 0.4973829879031681]",1,1
671,[0.48816804 0.64902709],0,9,"[0.4733749307799963, 0.6794102851036441]",1,1
672,[0.60153769 0.20893709],19,3,"[0.6202885063624497, 0.21030864992260714]",1,1
673,[0.5560208  0.64261334],30,29,"[0.5715529602001289, 0.6463778298209435]",1,1
674,[0.54227092 0.65777066],9,29,"[0.5715529602001289, 0.6463778298209435]",1,1
675,[0.4841572  0.60626701],0,6,"[0.47156007370629266, 0.5932404479018316]",1,1
676,[0.42407439 0.83436633],22,39,"[0.41553651748235904, 0.8199664939300585]",1,1
677,[0.65628137 0.23910974],48,3,"[0.6202885063624497, 0.21030864992260714]",1,1
678,[0.60135296 0.41671286],42,11,"[0.616328850657383, 0.4469370690226394]",1,1
679,[0.32429634 0.78195834],47,21,"[0.32588261800019946, 0.7323684657930849]",1,1
680,[0.30348896 0.33336313],32,8,"[0.2887674321547231, 0.36646909369869735]",1,1
681,[0.49242265 0.54150612],0,15,"[0.5335483326305349, 0.5735795711388955]",1,1
682,[0.45544405 0.534631  ],11,7,"[0.45523393198547096, 0.4973829879031681]",1,1
683,[0.30088123 0.29325405],35,17,"[0.3081667678458384, 0.27622186438467633]",1,1
684,[0.61767081 0.34506475],37,4,"[0.673351869797573, 0.3367675396968434]",1,1
685,[0.47339823 0.22802169],19,47,"[0.5084758469304866, 0.27217100949547596]",1,1
686,[0.37620334 0.4931521 ],11,19,"[0.3440341438087981, 0.4585393120619346]",1,1
687,[0.28499362 0.54993532],11,14,"[0.3004077983649947, 0.5468406263489509]",1,1
688,[0.77757016 0.21106096],1,18,"[0.722697462503846, 0.24657510395415844]",1,1
689,[0.70420395 0.61499249],13,37,"[0.7159154001264324, 0.6649568038570144]",1,1
690,[0.5594445  0.79320578],13,45,"[0.5216704391495552, 0.7643920871914024]",1,1
691,[0.80332115 0.34898992],27,23,"[0.7810045087632608, 0.31491984335768125]",1,1
692,[0.60856253 0.28466597],37,0,"[0.5785817481830586, 0.3037067824245507]",1,1
693,[0.27218997 0.49888463],31,2,"[0.2632199434321743, 0.47243685029053056]",1,1
694,[0.72481046 0.13082362],1,24,"[0.7022730262736179, 0.1710851192531718]",1,1
695,[0.87360642 0.12026216],10,34,"[0.8218914120283389, 0.15821107993071307]",-1,1
696,[0.43034765 0.15753367],6,49,"[0.43028374541613945, 0.127585470354601]",1,1
697,[0.65365218 0.32764904],3,4,"[0.673351869797573, 0.3367675396968434]",1,1
698,[0.25925614 0.34613573],32,8,"[0.2887674321547231, 0.36646909369869735]",1,1
699,[0.44076367 0.99282139],22,48,"[0.4364996608495685, 0.9299605742747341]",-1,-1
700,[0.52867763 0.60538948],0,15,"[0.5335483326305349, 0.5735795711388955]",1,1
701,[0.49665423 0.58626209],44,6,"[0.47156007370629266, 0.5932404479018316]",1,1
702,[0.27291197 0.52278765],28,14,"[0.3004077983649947, 0.5468406263489509]",1,1
703,[0.53903434 0.17827495],35,13,"[0.5512931196656272, 0.16942604907868813]",1,1
704,[0.50098933 0.51102611],23,7,"[0.45523393198547096, 0.4973829879031681]",1,1
705,[0.51274922 0.51735043],33,15,"[0.5335483326305349, 0.5735795711388955]",1,1
706,[0.48200296 0.36729213],19,41,"[0.5145046145516908, 0.37504969997004856]",1,1
707,[0.74759316 0.39169008],5,5,"[0.7245100505100849, 0.4089833746246954]",1,1
708,[0.80995971 0.82252738],45,33,"[0.8436814763895661, 0.8109608667727767]",0,1
709,[0.30578156 0.2154128 ],32,25,"[0.28646044229846734, 0.1648329518386483]",1,1
710,[0.58826068 0.54975637],13,28,"[0.612818073063186, 0.5682173367924668]",1,1
711,[0.46395098 0.72035171],13,9,"[0.4733749307799963, 0.6794102851036441]",1,1
712,[0.43115142 0.67016997],20,42,"[0.40673806569193616, 0.6587999433732626]",1,1
713,[0.57251252 0.3164689 ],7,0,"[0.5785817481830586, 0.3037067824245507]",1,1
714,[0.37266759 0.90041188],2,43,"[0.34927683198839027, 0.9083256159973345]",1,1
715,[0.66487971 0.40208188],37,5,"[0.7245100505100849, 0.4089833746246954]",1,1
716,[0.30637652 0.39605999],25,8,"[0.2887674321547231, 0.36646909369869735]",1,1
717,[0.63263342 0.25769644],37,3,"[0.6202885063624497, 0.21030864992260714]",1,1
718,[0.29615176 0.58898122],39,14,"[0.3004077983649947, 0.5468406263489509]",1,1
719,[0.21524008 0.62590355],39,10,"[0.19535131144460993, 0.5645751208198211]",-1,1
720,[0.37354752 0.5362384 ],11,22,"[0.3858548553404886, 0.5686983489050204]",1,1
721,[0.24573653 0.16398843],40,25,"[0.28646044229846734, 0.1648329518386483]",1,1
722,[0.21287893 0.58609528],31,10,"[0.19535131144460993, 0.5645751208198211]",1,1
723,[0.36008224 0.47577725],11,19,"[0.3440341438087981, 0.4585393120619346]",1,1
724,[0.2211366  0.40883163],26,-1,-1,1,1
725,[0.49337641 0.69159769],29,9,"[0.4733749307799963, 0.6794102851036441]",1,1
726,[0.36842304 0.29188979],35,38,"[0.4156422830378812, 0.29545330122567204]",1,1
727,[0.53813614 0.25756962],4,47,"[0.5084758469304866, 0.27217100949547596]",1,1
728,[0.26570659 0.60879877],31,-1,-1,1,1
729,[0.45559369 0.37753403],44,26,"[0.43056933118487034, 0.40528908511862793]",1,1
730,[0.5910496  0.27833646],12,0,"[0.5785817481830586, 0.3037067824245507]",1,1
731,[0.49982202 0.57608774],29,6,"[0.47156007370629266, 0.5932404479018316]",1,1
732,[0.42101301 0.65811532],36,42,"[0.40673806569193616, 0.6587999433732626]",1,1
733,[0.40807272 0.55415671],44,22,"[0.3858548553404886, 0.5686983489050204]",1,1
734,[0.34678522 0.40167779],21,19,"[0.3440341438087981, 0.4585393120619346]",1,1
735,[0.30833988 0.21841484],40,17,"[0.3081667678458384, 0.27622186438467633]",1,1
736,[0.41466417 0.54535951],11,22,"[0.3858548553404886, 0.5686983489050204]",1,1
737,[0.32338129 0.46636865],11,19,"[0.3440341438087981, 0.4585393120619346]",1,1
738,[0.65267181 0.49850749],36,11,"[0.616328850657383, 0.4469370690226394]",-1,1
739,[0.46101984 0.9287492 ],22,48,"[0.4364996608495685, 0.9299605742747341]",-1,1
740,[0.35894165 0.38466729],23,-1,-1,1,1
741,[0.47833877 0.64079015],30,9,"[0.4733749307799963, 0.6794102851036441]",1,1
742,[0.67293495 0.1851418 ],10,24,"[0.7022730262736179, 0.1710851192531718]",1,1
743,[0.62615447 0.53770086],42,28,"[0.612818073063186, 0.5682173367924668]",1,1
744,[0.54192533 0.07470319],6,-1,-1,-1,0
745,[0.51012654 0.88066524],18,27,"[0.5183415880490136, 0.8723630823093117]",1,1
746,[0.53851507 0.07006419],6,-1,-1,-1,0
747,[0.37803188 0.28316181],26,38,"[0.4156422830378812, 0.29545330122567204]",1,1
748,[0.37880398 0.63492864],20,42,"[0.40673806569193616, 0.6587999433732626]",1,1
749,[0.34247466 0.28708497],25,17,"[0.3081667678458384, 0.27622186438467633]",1,1
750,[0.47605045 0.41532809],33,26,"[0.43056933118487034, 0.40528908511862793]",1,1
751,[0.29872223 0.54247533],31,14,"[0.3004077983649947, 0.5468406263489509]",1,1
752,[0.71203219 0.65245691],17,37,"[0.7159154001264324, 0.6649568038570144]",1,1
753,[0.86411885 0.69195245],45,-1,-1,-1,-1
754,[0.26589778 0.57277073],43,14,"[0.3004077983649947, 0.5468406263489509]",1,1
755,[0.75926729 0.73103263],24,-1,-1,0,1
756,[0.20036091 0.30815937],40,12,"[0.20938121626770115, 0.2530581322514841]",1,1
757,[0.67878942 0.2919992 ],5,4,"[0.673351869797573, 0.3367675396968434]",1,1
758,[0.82142577 0.25876753],15,31,"[0.851246446101303, 0.24528280468404687]",1,1
759,[0.59526379 0.31379388],48,0,"[0.5785817481830586, 0.3037067824245507]",1,1
760,[0.45666741 0.85525463],47,39,"[0.41553651748235904, 0.8199664939300585]",1,1
761,[0.2951052  0.20820618],35,25,"[0.28646044229846734, 0.1648329518386483]",1,1
762,[0.83728048 0.19410381],10,34,"[0.8218914120283389, 0.15821107993071307]",1,1
763,[0.49231248 0.0739713 ],21,-1,-1,-1,0
764,[0.42545415 0.89865756],22,48,"[0.4364996608495685, 0.9299605742747341]",1,1
765,[0.34524084 0.79202357],18,32,"[0.32956545160034506, 0.8358907529264196]",1,1
766,[0.54261832 0.61562837],36,29,"[0.5715529602001289, 0.6463778298209435]",1,1
767,[0.73813022 0.15685256],15,24,"[0.7022730262736179, 0.1710851192531718]",1,1
768,[0.49182549 0.52941912],44,7,"[0.45523393198547096, 0.4973829879031681]",1,1
769,[0.7086655  0.15643067],34,24,"[0.7022730262736179, 0.1710851192531718]",1,1
770,[0.68780435 0.58129592],17,16,"[0.7229309954494666, 0.5651025967173542]",1,1
771,[0.39852891 0.49708909],29,7,"[0.45523393198547096, 0.4973829879031681]",1,1
772,[0.67014069 0.61226475],17,37,"[0.7159154001264324, 0.6649568038570144]",1,1
773,[0.85069964 0.15293503],10,34,"[0.8218914120283389, 0.15821107993071307]",1,1
774,[0.25974462 0.52729646],14,14,"[0.3004077983649947, 0.5468406263489509]",1,1
775,[0.25215264 0.55850397],31,14,"[0.3004077983649947, 0.5468406263489509]",1,1
776,[0.48997194 0.64799369],47,9,"[0.4733749307799963, 0.6794102851036441]",1,1
777,[0.77103962 0.43035695],5,5,"[0.7245100505100849, 0.4089833746246954]",1,1
778,[0.48283739 0.624182  ],0,6,"[0.47156007370629266, 0.5932404479018316]",1,1
779,[0.31420517 0.62214525],28,-1,-1,-1,1
780,[0.60896524 0.58405102],42,28,"[0.612818073063186, 0.5682173367924668]",1,1
781,[0.44278002 0.74972006],47,-1,-1,1,1
782,[0.50929361 0.49748167],44,7,"[0.45523393198547096, 0.4973829879031681]",1,1
783,[0.6633152  0.76142643],17,44,"[0.6887783688516544, 0.7503915122466659]",1,1
784,[0.45256886 0.40983387],19,26,"[0.43056933118487034, 0.40528908511862793]",1,1
785,[0.42643936 0.70085154],36,42,"[0.40673806569193616, 0.6587999433732626]",1,1
786,[0.46699883 0.66713209],0,9,"[0.4733749307799963, 0.6794102851036441]",1,1
787,[0.34988732 0.51053039],23,19,"[0.3440341438087981, 0.4585393120619346]",1,1
788,[0.75790917 0.82859368],24,46,"[0.7414203272542098, 0.8659216426417596]",0,1
789,[0.3751485  0.22657484],40,30,"[0.38058881077685586, 0.21509500619616465]",1,1
790,[0.57350241 0.2335844 ],34,3,"[0.6202885063624497, 0.21030864992260714]",1,1
791,[0.55898034 0.71529422],30,35,"[0.607978506335538, 0.7019524807141947]",1,1
792,[0.70011318 0.2468772 ],41,18,"[0.722697462503846, 0.24657510395415844]",1,1
793,[0.2837756  0.50559669],43,2,"[0.2632199434321743, 0.47243685029053056]",1,1
794,[0.61781606 0.49132576],46,11,"[0.616328850657383, 0.4469370690226394]",1,1
795,[0.21672775 0.48603949],43,2,"[0.2632199434321743, 0.47243685029053056]",1,1
796,[0.67046983 0.20094449],48,24,"[0.7022730262736179, 0.1710851192531718]",1,1
797,[0.56591616 0.29133033],34,0,"[0.5785817481830586, 0.3037067824245507]",1,1
798,[0.55999472 0.9625384 ],49,-1,-1,-1,-1
799,[0.39858043 0.15819335],19,49,"[0.43028374541613945, 0.127585470354601]",1,1
800,[0.25755985 0.35332504],25,8,"[0.2887674321547231, 0.36646909369869735]",1,1
801,[0.45084033 0.64759409],29,9,"[0.4733749307799963, 0.6794102851036441]",1,1
802,[0.78159112 0.23845595],15,18,"[0.722697462503846, 0.24657510395415844]",1,1
803,[0.21405767 0.34548254],26,-1,-1,1,1
804,[0.72916017 0.64413554],30,37,"[0.7159154001264324, 0.6649568038570144]",1,1
805,[0.69959335 0.50789538],30,16,"[0.7229309954494666, 0.5651025967173542]",-1,1
806,[0.60847161 0.6560112 ],17,29,"[0.5715529602001289, 0.6463778298209435]",1,1
807,[0.55565497 0.63848534],36,29,"[0.5715529602001289, 0.6463778298209435]",1,1
808,[0.50621826 0.57115707],0,15,"[0.5335483326305349, 0.5735795711388955]",1,1
809,[0.18711338 0.49380998],28,-1,-1,1,1
810,[0.17521113 0.41792628],14,-1,-1,-1,-1
811,[0.58652394 0.25015746],16,3,"[0.6202885063624497, 0.21030864992260714]",1,1
812,[0.16679679 0.526183  ],43,10,"[0.19535131144460993, 0.5645751208198211]",1,1
813,[0.5564176  0.71204316],36,35,"[0.607978506335538, 0.7019524807141947]",1,1
814,[0.18040538 0.28139555],32,12,"[0.20938121626770115, 0.2530581322514841]",-1,1
815,[0.6153589  0.19495146],16,3,"[0.6202885063624497, 0.21030864992260714]",1,1
816,[0.52222341 0.11360689],6,13,"[0.5512931196656272, 0.16942604907868813]",-1,0
817,[0.43385655 0.56402969],11,6,"[0.47156007370629266, 0.5932404479018316]",1,1
818,[0.38416663 0.90486179],18,43,"[0.34927683198839027, 0.9083256159973345]",1,1
819,[0.6190506 0.2462304],19,3,"[0.6202885063624497, 0.21030864992260714]",1,1
820,[0.72801384 0.3115418 ],48,23,"[0.7810045087632608, 0.31491984335768125]",1,1
821,[0.57863818 0.79060367],0,36,"[0.6231053585078415, 0.8026115750261605]",1,1
822,[0.64633506 0.22034529],34,3,"[0.6202885063624497, 0.21030864992260714]",1,1
823,[0.42598643 0.71502473],47,9,"[0.4733749307799963, 0.6794102851036441]",1,1
824,[0.42214752 0.5701272 ],43,22,"[0.3858548553404886, 0.5686983489050204]",1,1
825,[0.80884253 0.43436087],8,1,"[0.8468477917130786, 0.39686044525788833]",1,1
826,[0.71124714 0.32440356],7,4,"[0.673351869797573, 0.3367675396968434]",1,1
827,[0.30248351 0.33176117],26,8,"[0.2887674321547231, 0.36646909369869735]",1,1
828,[0.31356549 0.50506542],31,14,"[0.3004077983649947, 0.5468406263489509]",1,1
829,[0.56128487 0.59258422],29,15,"[0.5335483326305349, 0.5735795711388955]",1,1
830,[0.18740987 0.55449579],43,10,"[0.19535131144460993, 0.5645751208198211]",1,1
831,[0.69018528 0.65517159],13,37,"[0.7159154001264324, 0.6649568038570144]",1,1
832,[0.75659044 0.80834676],49,46,"[0.7414203272542098, 0.8659216426417596]",-1,1
833,[0.6918635  0.68506745],13,37,"[0.7159154001264324, 0.6649568038570144]",1,1
834,[0.7665136  0.43338121],42,5,"[0.7245100505100849, 0.4089833746246954]",1,1
835,[0.62208569 0.54179632],46,28,"[0.612818073063186, 0.5682173367924668]",1,1
836,[0.61494366 0.68192229],9,35,"[0.607978506335538, 0.7019524807141947]",1,1
837,[0.56888922 0.2900885 ],3,0,"[0.5785817481830586, 0.3037067824245507]",1,1
838,[0.94570697 0.28204602],41,-1,-1,-1,-1
839,[0.33441964 0.8415023 ],22,32,"[0.32956545160034506, 0.8358907529264196]",1,1
840,[0.4846012  0.64415662],47,9,"[0.4733749307799963, 0.6794102851036441]",1,1
841,[0.38985611 0.24466744],4,30,"[0.38058881077685586, 0.21509500619616465]",1,1
842,[0.20296193 0.33189862],43,-1,-1,1,1
843,[0.8323126  0.15988557],41,34,"[0.8218914120283389, 0.15821107993071307]",1,1
844,[0.71265628 0.45276989],46,5,"[0.7245100505100849, 0.4089833746246954]",1,1
845,[0.8345254  0.22479361],41,31,"[0.851246446101303, 0.24528280468404687]",1,1
846,[0.84986934 0.83103266],45,33,"[0.8436814763895661, 0.8109608667727767]",0,1
847,[0.65288576 0.1710177 ],1,24,"[0.7022730262736179, 0.1710851192531718]",1,1
848,[0.74463203 0.17587219],34,24,"[0.7022730262736179, 0.1710851192531718]",1,1
849,[0.70964633 0.39986552],46,5,"[0.7245100505100849, 0.4089833746246954]",1,1
850,[0.32651403 0.7238894 ],20,21,"[0.32588261800019946, 0.7323684657930849]",1,1
851,[0.60011088 0.31366025],46,0,"[0.5785817481830586, 0.3037067824245507]",1,1
852,[0.41529679 0.54046871],23,22,"[0.3858548553404886, 0.5686983489050204]",1,1
853,[0.25931225 0.24229769],26,12,"[0.20938121626770115, 0.2530581322514841]",1,1
854,[0.36819922 0.52923009],31,22,"[0.3858548553404886, 0.5686983489050204]",1,1
855,[0.16749928 0.59375347],39,10,"[0.19535131144460993, 0.5645751208198211]",1,1
856,[0.60634833 0.10279865],6,40,"[0.645651635206781, 0.10720828165918456]",1,1
857,[0.21669878 0.47369837],31,2,"[0.2632199434321743, 0.47243685029053056]",1,1
858,[0.56849838 0.58003892],38,15,"[0.5335483326305349, 0.5735795711388955]",1,1
859,[0.75484236 0.22512844],16,18,"[0.722697462503846, 0.24657510395415844]",1,1
860,[0.77344045 0.44404242],8,5,"[0.7245100505100849, 0.4089833746246954]",1,1
861,[0.46166983 0.21674311],6,-1,-1,-1,1
862,[0.37248862 0.63105855],47,42,"[0.40673806569193616, 0.6587999433732626]",1,1
863,[0.31707781 0.56065716],11,14,"[0.3004077983649947, 0.5468406263489509]",1,1
864,[0.54070553 0.72873971],20,45,"[0.5216704391495552, 0.7643920871914024]",1,1
865,[0.25796475 0.40068669],25,8,"[0.2887674321547231, 0.36646909369869735]",1,1
866,[0.73210207 0.85120077],24,46,"[0.7414203272542098, 0.8659216426417596]",-1,1
867,[0.52221738 0.30539769],48,47,"[0.5084758469304866, 0.27217100949547596]",1,1
868,[0.72684121 0.40469573],5,5,"[0.7245100505100849, 0.4089833746246954]",1,1
869,[0.47037812 0.70556677],29,9,"[0.4733749307799963, 0.6794102851036441]",1,1
870,[0.28641189 0.50820916],43,14,"[0.3004077983649947, 0.5468406263489509]",1,1
871,[0.82329579 0.22065629],41,31,"[0.851246446101303, 0.24528280468404687]",1,1
872,[0.2923857 0.5216842],11,14,"[0.3004077983649947, 0.5468406263489509]",1,1
873,[0.54369784 0.83730033],18,27,"[0.5183415880490136, 0.8723630823093117]",-1,1
874,[0.38836037 0.34081177],19,38,"[0.4156422830378812, 0.29545330122567204]",1,1
875,[0.65195272 0.7549189 ],49,44,"[0.6887783688516544, 0.7503915122466659]",1,1
876,[0.26595496 0.42446506],26,2,"[0.2632199434321743, 0.47243685029053056]",1,1
877,[0.34036069 0.70669834],47,21,"[0.32588261800019946, 0.7323684657930849]",1,1
878,[0.68353331 0.42823845],12,5,"[0.7245100505100849, 0.4089833746246954]",1,1
879,[0.66195153 0.91663894],49,-1,-1,-1,-1
880,[0.53986175 0.32986336],16,0,"[0.5785817481830586, 0.3037067824245507]",1,1
881,[0.89285424 0.22077605],1,31,"[0.851246446101303, 0.24528280468404687]",-1,1
882,[0.45304591 0.42571629],3,26,"[0.43056933118487034, 0.40528908511862793]",1,1
883,[0.52362263 0.35694364],3,41,"[0.5145046145516908, 0.37504969997004856]",1,1
884,[0.4602272 0.8315519],18,39,"[0.41553651748235904, 0.8199664939300585]",1,1
885,[0.37124115 0.63100102],20,42,"[0.40673806569193616, 0.6587999433732626]",1,1
886,[0.21080508 0.71952585],2,-1,-1,-1,-1
887,[0.74799946 0.24511244],16,18,"[0.722697462503846, 0.24657510395415844]",1,1
888,[0.60878645 0.28735046],48,0,"[0.5785817481830586, 0.3037067824245507]",1,1
889,[0.60587882 0.31619941],7,0,"[0.5785817481830586, 0.3037067824245507]",1,1
890,[0.82027175 0.86382157],45,33,"[0.8436814763895661, 0.8109608667727767]",0,1
891,[0.43216451 0.14343246],21,49,"[0.43028374541613945, 0.127585470354601]",1,1
892,[0.80491055 0.28227023],15,23,"[0.7810045087632608, 0.31491984335768125]",1,1
893,[0.67405975 0.3176381 ],46,4,"[0.673351869797573, 0.3367675396968434]",1,1
894,[0.26196162 0.28582002],32,17,"[0.3081667678458384, 0.27622186438467633]",1,1
895,[0.28080959 0.47883374],14,2,"[0.2632199434321743, 0.47243685029053056]",1,1
896,[0.30243765 0.51584941],43,14,"[0.3004077983649947, 0.5468406263489509]",1,1
897,[0.62002665 0.80233394],17,36,"[0.6231053585078415, 0.8026115750261605]",1,1
898,[0.46769839 0.16418092],6,49,"[0.43028374541613945, 0.127585470354601]",1,1
899,[0.35923634 0.88190912],22,43,"[0.34927683198839027, 0.9083256159973345]",1,1
900,[0.63249855 0.77453885],17,36,"[0.6231053585078415, 0.8026115750261605]",1,1
901,[0.51733968 0.61229601],38,15,"[0.5335483326305349, 0.5735795711388955]",1,1
902,[0.687247   0.32392545],7,4,"[0.673351869797573, 0.3367675396968434]",1,1
903,[0.42528939 0.        ],21,-1,-1,-1,-1
904,[0.24065145 0.22047854],40,12,"[0.20938121626770115, 0.2530581322514841]",1,1
905,[0.31381978 0.34620679],35,8,"[0.2887674321547231, 0.36646909369869735]",1,1
906,[0.38268416 0.59060283],23,22,"[0.3858548553404886, 0.5686983489050204]",1,1
907,[0.94128689 0.21000056],1,-1,-1,-1,1
908,[0.18289792 0.49403758],39,-1,-1,1,1
909,[0.51403949 0.47276553],3,20,"[0.539254394115152, 0.4324693238375917]",1,1
910,[0.3168517  0.28939065],32,17,"[0.3081667678458384, 0.27622186438467633]",1,1
911,[0.45402505 0.86326043],18,39,"[0.41553651748235904, 0.8199664939300585]",1,1
912,[0.8769676  0.28773319],15,31,"[0.851246446101303, 0.24528280468404687]",-1,1
913,[0.86837051 0.27690889],27,31,"[0.851246446101303, 0.24528280468404687]",1,1
914,[0.49620687 0.65833208],0,9,"[0.4733749307799963, 0.6794102851036441]",1,1
915,[0.2723066  0.12208323],40,25,"[0.28646044229846734, 0.1648329518386483]",-1,1
916,[0.44227431 0.25674523],4,38,"[0.4156422830378812, 0.29545330122567204]",1,1
917,[0.62245429 0.79044959],49,36,"[0.6231053585078415, 0.8026115750261605]",1,1
918,[0.54482122 0.5429956 ],44,15,"[0.5335483326305349, 0.5735795711388955]",1,1
919,[0.61182593 0.64655235],17,29,"[0.5715529602001289, 0.6463778298209435]",1,1
920,[0.71993984 0.32928273],27,4,"[0.673351869797573, 0.3367675396968434]",1,1
921,[0.61248425 0.37453398],37,-1,-1,1,1
922,[0.5872182  0.34952435],7,0,"[0.5785817481830586, 0.3037067824245507]",1,1
923,[0.24944053 0.76196197],20,-1,-1,-1,-1
924,[0.47027675 0.66059327],44,9,"[0.4733749307799963, 0.6794102851036441]",1,1
925,[0.59700092 0.76560595],24,36,"[0.6231053585078415, 0.8026115750261605]",1,1
926,[0.59396701 0.72563992],9,35,"[0.607978506335538, 0.7019524807141947]",1,1
927,[0.19084248 0.66420482],31,-1,-1,-1,-1
928,[0.67292168 0.77419181],49,44,"[0.6887783688516544, 0.7503915122466659]",1,1
929,[0.37216247 0.34450959],26,38,"[0.4156422830378812, 0.29545330122567204]",1,1
930,[0.61569687 0.39652024],12,11,"[0.616328850657383, 0.4469370690226394]",1,1
931,[0.80480504 0.26122583],15,31,"[0.851246446101303, 0.24528280468404687]",1,1
932,[0.62916152 0.21052806],10,3,"[0.6202885063624497, 0.21030864992260714]",1,1
933,[0.71519217 0.37043145],8,5,"[0.7245100505100849, 0.4089833746246954]",1,1
934,[0.65500688 0.77246418],30,44,"[0.6887783688516544, 0.7503915122466659]",1,1
935,[0.79361443 0.27377708],10,23,"[0.7810045087632608, 0.31491984335768125]",1,1
936,[0.57931433 0.85792532],49,27,"[0.5183415880490136, 0.8723630823093117]",1,1
937,[0.34136294 0.22708352],25,30,"[0.38058881077685586, 0.21509500619616465]",1,1
938,[0.71338812 0.30929892],37,4,"[0.673351869797573, 0.3367675396968434]",1,1
939,[0.20803113 0.50515085],28,10,"[0.19535131144460993, 0.5645751208198211]",1,1
940,[0.67909662 0.40791494],37,5,"[0.7245100505100849, 0.4089833746246954]",1,1
941,[0.58582257 0.40474594],4,11,"[0.616328850657383, 0.4469370690226394]",1,1
942,[0.91853322 0.3908796 ],8,-1,-1,1,1
943,[0.27772245 0.22397096],21,25,"[0.28646044229846734, 0.1648329518386483]",1,1
944,[0.28494551 0.51924925],11,14,"[0.3004077983649947, 0.5468406263489509]",1,1
945,[0.56488054 0.16689043],37,13,"[0.5512931196656272, 0.16942604907868813]",1,1
946,[0.52755093 0.09370322],6,-1,-1,-1,0
947,[0.64329532 0.87173332],49,-1,-1,-1,1
948,[0.58793751 0.81965218],49,36,"[0.6231053585078415, 0.8026115750261605]",1,1
949,[0.39978664 0.79555508],47,39,"[0.41553651748235904, 0.8199664939300585]",1,1
950,[0.69491221 0.61522548],5,37,"[0.7159154001264324, 0.6649568038570144]",1,1
951,[0.47336866 0.86169916],22,27,"[0.5183415880490136, 0.8723630823093117]",1,1
952,[0.48897578 0.64134504],47,9,"[0.4733749307799963, 0.6794102851036441]",1,1
953,[0.5982507  0.18787608],16,3,"[0.6202885063624497, 0.21030864992260714]",1,1
954,[0.6135895  0.66196448],30,35,"[0.607978506335538, 0.7019524807141947]",1,1
955,[0.42589642 0.65576434],20,42,"[0.40673806569193616, 0.6587999433732626]",1,1
956,[0.82121418 0.2334773 ],10,31,"[0.851246446101303, 0.24528280468404687]",1,1
957,[0.75229944 0.0696122 ],1,-1,-1,-1,-1
958,[0.87584985 0.38018742],8,1,"[0.8468477917130786, 0.39686044525788833]",1,1
959,[0.21116153 0.1667106 ],25,-1,-1,-1,1
960,[0.90790148 0.78646949],45,33,"[0.8436814763895661, 0.8109608667727767]",-1,-1
961,[0.22110786 0.16303417],32,25,"[0.28646044229846734, 0.1648329518386483]",-1,1
962,[0.27698763 0.14044822],40,25,"[0.28646044229846734, 0.1648329518386483]",-1,1
963,[0.79136225 0.40929077],8,1,"[0.8468477917130786, 0.39686044525788833]",1,1
964,[0.83777823 0.4024662 ],8,1,"[0.8468477917130786, 0.39686044525788833]",1,1
965,[0.32130473 0.45922523],43,19,"[0.3440341438087981, 0.4585393120619346]",1,1
966,[0.29159289 0.80945004],22,32,"[0.32956545160034506, 0.8358907529264196]",1,1
967,[0.68277835 0.65388875],9,37,"[0.7159154001264324, 0.6649568038570144]",1,1
968,[0.68141193 0.14756947],16,24,"[0.7022730262736179, 0.1710851192531718]",1,1
969,[0.76332913 0.38272765],8,5,"[0.7245100505100849, 0.4089833746246954]",1,1
970,[0.50620912 0.49620575],23,7,"[0.45523393198547096, 0.4973829879031681]",1,1
971,[0.78173269 0.27031595],12,23,"[0.7810045087632608, 0.31491984335768125]",1,1
972,[0.6686143  0.77874205],9,44,"[0.6887783688516544, 0.7503915122466659]",1,1
973,[0.51704846 0.61204084],44,15,"[0.5335483326305349, 0.5735795711388955]",1,1
974,[0.3994306 0.3323806],33,38,"[0.4156422830378812, 0.29545330122567204]",1,1
975,[0.51361792 0.39406956],37,41,"[0.5145046145516908, 0.37504969997004856]",1,1
976,[0.3714388  0.32413175],25,38,"[0.4156422830378812, 0.29545330122567204]",1,1
977,[0.67559023 0.30591644],48,4,"[0.673351869797573, 0.3367675396968434]",1,1
978,[0.50891238 0.76684196],0,45,"[0.5216704391495552, 0.7643920871914024]",-1,1
979,[0.58080687 0.25517196],4,0,"[0.5785817481830586, 0.3037067824245507]",1,1
980,[0.45027329 0.45325828],38,7,"[0.45523393198547096, 0.4973829879031681]",1,1
981,[0.42216219 0.3987618 ],3,26,"[0.43056933118487034, 0.40528908511862793]",1,1
982,[0.45878664 0.53236077],33,7,"[0.45523393198547096, 0.4973829879031681]",1,1
983,[0.43391054 0.89783374],22,48,"[0.4364996608495685, 0.9299605742747341]",1,1
984,[0.78710324 0.45249604],5,-1,-1,1,1
985,[0.68363462 0.30005253],4,4,"[0.673351869797573, 0.3367675396968434]",1,1
986,[0.6959417  0.23423626],16,18,"[0.722697462503846, 0.24657510395415844]",1,1
987,[0.85991    0.84395287],45,33,"[0.8436814763895661, 0.8109608667727767]",0,1
988,[0.85422832 0.53454078],8,-1,-1,-1,-1
989,[0.49361876 0.63360149],36,6,"[0.47156007370629266, 0.5932404479018316]",1,1
990,[0.5254502 0.3868051],4,41,"[0.5145046145516908, 0.37504969997004856]",1,1
991,[0.64165231 0.18025494],34,3,"[0.6202885063624497, 0.21030864992260714]",1,1
992,[0.2546135  0.68846014],28,-1,-1,-1,1
993,[0.65919374 0.12902638],34,40,"[0.645651635206781, 0.10720828165918456]",1,1
994,[0.78333608 0.8864179 ],24,46,"[0.7414203272542098, 0.8659216426417596]",-1,1
995,[0.61560096 0.30382549],48,0,"[0.5785817481830586, 0.3037067824245507]",1,1
996,[0.69564091 0.27256625],12,18,"[0.722697462503846, 0.24657510395415844]",1,1
997,[0.70254252 0.30764302],3,4,"[0.673351869797573, 0.3367675396968434]",1,1
998,[0.60942963 0.16530129],6,3,"[0.6202885063624497, 0.21030864992260714]",1,1
999,[0.47252734 0.71505296],0,9,"[0.4733749307799963, 0.6794102851036441]",1,1
